LEVEL=12 FULL REGRESSION
Mon Aug 17 18:35:26 UTC 2026
               total        used        free      shared  buff/cache   available
Mem:           3.8Gi       899Mi       2.3Gi        11Mi       1.1Gi       3.0Gi
Swap:          2.0Gi          0B       2.0Gi

==================================== ERRORS ====================================
_ ERROR collecting backend_Ai_review/hajeen_platform/brain/cognitive_layer/test_cognitive_components.py _
ImportError while importing test module '/home/ubuntu/backend_Ai_review/hajeen_platform/brain/cognitive_layer/test_cognitive_components.py'.
Hint: make sure your test modules/packages have valid Python names.
Traceback:
/usr/lib/python3.12/importlib/__init__.py:90: in import_module
    return _bootstrap._gcd_import(name[level:], package, level)
           ^^^^^^^^^^^^^^^^^^^^^^^^^^^^^^^^^^^^^^^^^^^^^^^^^^^^
backend_Ai_review/hajeen_platform/brain/cognitive_layer/test_cognitive_components.py:12: in <module>
    from cognitive_compiler import CognitiveCompiler
E   ModuleNotFoundError: No module named 'cognitive_compiler'
_ ERROR collecting backend_Ai_review/hajeen_platform/hajeen_model/hybrid_models/tests/test_attention.py _
ImportError while importing test module '/home/ubuntu/backend_Ai_review/hajeen_platform/hajeen_model/hybrid_models/tests/test_attention.py'.
Hint: make sure your test modules/packages have valid Python names.
Traceback:
/usr/lib/python3.12/importlib/__init__.py:90: in import_module
    return _bootstrap._gcd_import(name[level:], package, level)
           ^^^^^^^^^^^^^^^^^^^^^^^^^^^^^^^^^^^^^^^^^^^^^^^^^^^^
backend_Ai_review/hajeen_platform/hajeen_model/hybrid_models/__init__.py:23: in <module>
    from hajeen_model.config.hajeen_config import HajeenConfig
E   ModuleNotFoundError: No module named 'hajeen_model.config'
_ ERROR collecting backend_Ai_review/hajeen_platform/hajeen_model/hybrid_models/tests/test_checkpoint.py _
ImportError while importing test module '/home/ubuntu/backend_Ai_review/hajeen_platform/hajeen_model/hybrid_models/tests/test_checkpoint.py'.
Hint: make sure your test modules/packages have valid Python names.
Traceback:
/usr/lib/python3.12/importlib/__init__.py:90: in import_module
    return _bootstrap._gcd_import(name[level:], package, level)
           ^^^^^^^^^^^^^^^^^^^^^^^^^^^^^^^^^^^^^^^^^^^^^^^^^^^^
backend_Ai_review/hajeen_platform/hajeen_model/hybrid_models/__init__.py:23: in <module>
    from hajeen_model.config.hajeen_config import HajeenConfig
E   ModuleNotFoundError: No module named 'hajeen_model.config'
_ ERROR collecting backend_Ai_review/hajeen_platform/hajeen_model/hybrid_models/tests/test_config.py _
ImportError while importing test module '/home/ubuntu/backend_Ai_review/hajeen_platform/hajeen_model/hybrid_models/tests/test_config.py'.
Hint: make sure your test modules/packages have valid Python names.
Traceback:
/usr/lib/python3.12/importlib/__init__.py:90: in import_module
    return _bootstrap._gcd_import(name[level:], package, level)
           ^^^^^^^^^^^^^^^^^^^^^^^^^^^^^^^^^^^^^^^^^^^^^^^^^^^^
backend_Ai_review/hajeen_platform/hajeen_model/hybrid_models/__init__.py:23: in <module>
    from hajeen_model.config.hajeen_config import HajeenConfig
E   ModuleNotFoundError: No module named 'hajeen_model.config'
_ ERROR collecting backend_Ai_review/hajeen_platform/hajeen_model/hybrid_models/tests/test_datasets.py _
ImportError while importing test module '/home/ubuntu/backend_Ai_review/hajeen_platform/hajeen_model/hybrid_models/tests/test_datasets.py'.
Hint: make sure your test modules/packages have valid Python names.
Traceback:
/usr/lib/python3.12/importlib/__init__.py:90: in import_module
    return _bootstrap._gcd_import(name[level:], package, level)
           ^^^^^^^^^^^^^^^^^^^^^^^^^^^^^^^^^^^^^^^^^^^^^^^^^^^^
backend_Ai_review/hajeen_platform/hajeen_model/hybrid_models/__init__.py:23: in <module>
    from hajeen_model.config.hajeen_config import HajeenConfig
E   ModuleNotFoundError: No module named 'hajeen_model.config'
_ ERROR collecting backend_Ai_review/hajeen_platform/hajeen_model/hybrid_models/tests/test_fine_tuning.py _
ImportError while importing test module '/home/ubuntu/backend_Ai_review/hajeen_platform/hajeen_model/hybrid_models/tests/test_fine_tuning.py'.
Hint: make sure your test modules/packages have valid Python names.
Traceback:
/usr/lib/python3.12/importlib/__init__.py:90: in import_module
    return _bootstrap._gcd_import(name[level:], package, level)
           ^^^^^^^^^^^^^^^^^^^^^^^^^^^^^^^^^^^^^^^^^^^^^^^^^^^^
backend_Ai_review/hajeen_platform/hajeen_model/hybrid_models/__init__.py:23: in <module>
    from hajeen_model.config.hajeen_config import HajeenConfig
E   ModuleNotFoundError: No module named 'hajeen_model.config'
_ ERROR collecting backend_Ai_review/hajeen_platform/hajeen_model/hybrid_models/tests/test_inference.py _
ImportError while importing test module '/home/ubuntu/backend_Ai_review/hajeen_platform/hajeen_model/hybrid_models/tests/test_inference.py'.
Hint: make sure your test modules/packages have valid Python names.
Traceback:
/usr/lib/python3.12/importlib/__init__.py:90: in import_module
    return _bootstrap._gcd_import(name[level:], package, level)
           ^^^^^^^^^^^^^^^^^^^^^^^^^^^^^^^^^^^^^^^^^^^^^^^^^^^^
backend_Ai_review/hajeen_platform/hajeen_model/hybrid_models/__init__.py:23: in <module>
    from hajeen_model.config.hajeen_config import HajeenConfig
E   ModuleNotFoundError: No module named 'hajeen_model.config'
_ ERROR collecting backend_Ai_review/hajeen_platform/hajeen_model/hybrid_models/tests/test_layers.py _
ImportError while importing test module '/home/ubuntu/backend_Ai_review/hajeen_platform/hajeen_model/hybrid_models/tests/test_layers.py'.
Hint: make sure your test modules/packages have valid Python names.
Traceback:
/usr/lib/python3.12/importlib/__init__.py:90: in import_module
    return _bootstrap._gcd_import(name[level:], package, level)
           ^^^^^^^^^^^^^^^^^^^^^^^^^^^^^^^^^^^^^^^^^^^^^^^^^^^^
backend_Ai_review/hajeen_platform/hajeen_model/hybrid_models/__init__.py:23: in <module>
    from hajeen_model.config.hajeen_config import HajeenConfig
E   ModuleNotFoundError: No module named 'hajeen_model.config'
_ ERROR collecting backend_Ai_review/hajeen_platform/hajeen_model/hybrid_models/tests/test_model.py _
ImportError while importing test module '/home/ubuntu/backend_Ai_review/hajeen_platform/hajeen_model/hybrid_models/tests/test_model.py'.
Hint: make sure your test modules/packages have valid Python names.
Traceback:
/usr/lib/python3.12/importlib/__init__.py:90: in import_module
    return _bootstrap._gcd_import(name[level:], package, level)
           ^^^^^^^^^^^^^^^^^^^^^^^^^^^^^^^^^^^^^^^^^^^^^^^^^^^^
backend_Ai_review/hajeen_platform/hajeen_model/hybrid_models/__init__.py:23: in <module>
    from hajeen_model.config.hajeen_config import HajeenConfig
E   ModuleNotFoundError: No module named 'hajeen_model.config'
_ ERROR collecting backend_Ai_review/hajeen_platform/hajeen_model/hybrid_models/tests/test_quantization.py _
ImportError while importing test module '/home/ubuntu/backend_Ai_review/hajeen_platform/hajeen_model/hybrid_models/tests/test_quantization.py'.
Hint: make sure your test modules/packages have valid Python names.
Traceback:
/usr/lib/python3.12/importlib/__init__.py:90: in import_module
    return _bootstrap._gcd_import(name[level:], package, level)
           ^^^^^^^^^^^^^^^^^^^^^^^^^^^^^^^^^^^^^^^^^^^^^^^^^^^^
backend_Ai_review/hajeen_platform/hajeen_model/hybrid_models/__init__.py:23: in <module>
    from hajeen_model.config.hajeen_config import HajeenConfig
E   ModuleNotFoundError: No module named 'hajeen_model.config'
_ ERROR collecting backend_Ai_review/hajeen_platform/hajeen_model/hybrid_models/tests/test_tokenizer.py _
ImportError while importing test module '/home/ubuntu/backend_Ai_review/hajeen_platform/hajeen_model/hybrid_models/tests/test_tokenizer.py'.
Hint: make sure your test modules/packages have valid Python names.
Traceback:
/usr/lib/python3.12/importlib/__init__.py:90: in import_module
    return _bootstrap._gcd_import(name[level:], package, level)
           ^^^^^^^^^^^^^^^^^^^^^^^^^^^^^^^^^^^^^^^^^^^^^^^^^^^^
backend_Ai_review/hajeen_platform/hajeen_model/hybrid_models/__init__.py:23: in <module>
    from hajeen_model.config.hajeen_config import HajeenConfig
E   ModuleNotFoundError: No module named 'hajeen_model.config'
_ ERROR collecting backend_Ai_review/hajeen_platform/hajeen_model/tests/test_phase_4_5.py _
ImportError while importing test module '/home/ubuntu/backend_Ai_review/hajeen_platform/hajeen_model/tests/test_phase_4_5.py'.
Hint: make sure your test modules/packages have valid Python names.
Traceback:
/usr/lib/python3.12/importlib/__init__.py:90: in import_module
    return _bootstrap._gcd_import(name[level:], package, level)
           ^^^^^^^^^^^^^^^^^^^^^^^^^^^^^^^^^^^^^^^^^^^^^^^^^^^^
backend_Ai_review/hajeen_platform/hajeen_model/tests/test_phase_4_5.py:12: in <module>
    from hajeen_model.datasets.dataset_loader import DatasetLoader
E   ModuleNotFoundError: No module named 'hajeen_model.datasets'
_ ERROR collecting backend_Ai_review/hajeen_platform/tests/ai/test_alignment.py _
ImportError while importing test module '/home/ubuntu/backend_Ai_review/hajeen_platform/tests/ai/test_alignment.py'.
Hint: make sure your test modules/packages have valid Python names.
Traceback:
/usr/lib/python3.12/importlib/__init__.py:90: in import_module
    return _bootstrap._gcd_import(name[level:], package, level)
           ^^^^^^^^^^^^^^^^^^^^^^^^^^^^^^^^^^^^^^^^^^^^^^^^^^^^
backend_Ai_review/hajeen_platform/tests/ai/test_alignment.py:5: in <module>
    from hajeen_platform.core.alignment.reward_model import RewardModelPipeline
backend_Ai_review/hajeen_platform/core/alignment/reward_model.py:5: in <module>
    import torch
E   ModuleNotFoundError: No module named 'torch'
_ ERROR collecting backend_Ai_review/hajeen_platform/tests/distributed_messaging/test_celery.py _
ImportError while importing test module '/home/ubuntu/backend_Ai_review/hajeen_platform/tests/distributed_messaging/test_celery.py'.
Hint: make sure your test modules/packages have valid Python names.
Traceback:
/usr/lib/python3.12/importlib/__init__.py:90: in import_module
    return _bootstrap._gcd_import(name[level:], package, level)
           ^^^^^^^^^^^^^^^^^^^^^^^^^^^^^^^^^^^^^^^^^^^^^^^^^^^^
backend_Ai_review/hajeen_platform/tests/distributed_messaging/test_celery.py:3: in <module>
    from hajeen_platform.services.distributed_messaging.celery_config import celery_app, process_data
backend_Ai_review/hajeen_platform/services/distributed_messaging/celery_config.py:1: in <module>
    from celery import Celery
E   ModuleNotFoundError: No module named 'celery'
_ ERROR collecting backend_Ai_review/hajeen_platform/tests/distributed_messaging/test_redis_streams.py _
ImportError while importing test module '/home/ubuntu/backend_Ai_review/hajeen_platform/tests/distributed_messaging/test_redis_streams.py'.
Hint: make sure your test modules/packages have valid Python names.
Traceback:
/usr/lib/python3.12/importlib/__init__.py:90: in import_module
    return _bootstrap._gcd_import(name[level:], package, level)
           ^^^^^^^^^^^^^^^^^^^^^^^^^^^^^^^^^^^^^^^^^^^^^^^^^^^^
backend_Ai_review/hajeen_platform/tests/distributed_messaging/test_redis_streams.py:4: in <module>
    from hajeen_platform.services.distributed_messaging.redis_streams_integration import RedisStreamsClient
backend_Ai_review/hajeen_platform/services/distributed_messaging/redis_streams_integration.py:1: in <module>
    import redis
E   ModuleNotFoundError: No module named 'redis'
_ ERROR collecting backend_Ai_review/hajeen_platform/tests/integration_test.py _
ImportError while importing test module '/home/ubuntu/backend_Ai_review/hajeen_platform/tests/integration_test.py'.
Hint: make sure your test modules/packages have valid Python names.
Traceback:
/usr/lib/python3.12/importlib/__init__.py:90: in import_module
    return _bootstrap._gcd_import(name[level:], package, level)
           ^^^^^^^^^^^^^^^^^^^^^^^^^^^^^^^^^^^^^^^^^^^^^^^^^^^^
backend_Ai_review/hajeen_platform/tests/integration_test.py:9: in <module>
    from hajeen_model.datasets.dataset_manager import DatasetManager
E   ModuleNotFoundError: No module named 'hajeen_model.datasets'
_ ERROR collecting backend_Ai_review/hajeen_platform/tests/self_evolution/test_continuous_learning_loop.py _
ImportError while importing test module '/home/ubuntu/backend_Ai_review/hajeen_platform/tests/self_evolution/test_continuous_learning_loop.py'.
Hint: make sure your test modules/packages have valid Python names.
Traceback:
/usr/lib/python3.12/importlib/__init__.py:90: in import_module
    return _bootstrap._gcd_import(name[level:], package, level)
           ^^^^^^^^^^^^^^^^^^^^^^^^^^^^^^^^^^^^^^^^^^^^^^^^^^^^
backend_Ai_review/hajeen_platform/tests/self_evolution/test_continuous_learning_loop.py:4: in <module>
    from hajeen_platform.services.self_evolution.continuous_learning_loop import ContinuousLearningLoop
E   ModuleNotFoundError: No module named 'hajeen_platform.services.self_evolution'
_ ERROR collecting backend_Ai_review/hajeen_platform/tests/self_evolution/test_curiosity_engine.py _
ImportError while importing test module '/home/ubuntu/backend_Ai_review/hajeen_platform/tests/self_evolution/test_curiosity_engine.py'.
Hint: make sure your test modules/packages have valid Python names.
Traceback:
/usr/lib/python3.12/importlib/__init__.py:90: in import_module
    return _bootstrap._gcd_import(name[level:], package, level)
           ^^^^^^^^^^^^^^^^^^^^^^^^^^^^^^^^^^^^^^^^^^^^^^^^^^^^
backend_Ai_review/hajeen_platform/tests/self_evolution/test_curiosity_engine.py:4: in <module>
    from hajeen_platform.services.self_evolution.curiosity_engine import CuriosityEngine
E   ModuleNotFoundError: No module named 'hajeen_platform.services.self_evolution'
_ ERROR collecting backend_Ai_review/hajeen_platform/tests/self_evolution/test_episodic_memory.py _
ImportError while importing test module '/home/ubuntu/backend_Ai_review/hajeen_platform/tests/self_evolution/test_episodic_memory.py'.
Hint: make sure your test modules/packages have valid Python names.
Traceback:
/usr/lib/python3.12/importlib/__init__.py:90: in import_module
    return _bootstrap._gcd_import(name[level:], package, level)
           ^^^^^^^^^^^^^^^^^^^^^^^^^^^^^^^^^^^^^^^^^^^^^^^^^^^^
backend_Ai_review/hajeen_platform/tests/self_evolution/test_episodic_memory.py:5: in <module>
    from hajeen_platform.services.self_evolution.episodic_memory import EpisodicMemory
E   ModuleNotFoundError: No module named 'hajeen_platform.services.self_evolution'
_ ERROR collecting backend_Ai_review/hajeen_platform/tests/self_evolution/test_self_reflection_engine.py _
ImportError while importing test module '/home/ubuntu/backend_Ai_review/hajeen_platform/tests/self_evolution/test_self_reflection_engine.py'.
Hint: make sure your test modules/packages have valid Python names.
Traceback:
/usr/lib/python3.12/importlib/__init__.py:90: in import_module
    return _bootstrap._gcd_import(name[level:], package, level)
           ^^^^^^^^^^^^^^^^^^^^^^^^^^^^^^^^^^^^^^^^^^^^^^^^^^^^
backend_Ai_review/hajeen_platform/tests/self_evolution/test_self_reflection_engine.py:4: in <module>
    from hajeen_platform.services.self_evolution.self_reflection_engine import SelfReflectionEngine, MockLLM
E   ModuleNotFoundError: No module named 'hajeen_platform.services.self_evolution'
_ ERROR collecting backend_Ai_review/hajeen_platform/tests/test_dataset_manager.py _
ImportError while importing test module '/home/ubuntu/backend_Ai_review/hajeen_platform/tests/test_dataset_manager.py'.
Hint: make sure your test modules/packages have valid Python names.
Traceback:
/usr/lib/python3.12/importlib/__init__.py:90: in import_module
    return _bootstrap._gcd_import(name[level:], package, level)
           ^^^^^^^^^^^^^^^^^^^^^^^^^^^^^^^^^^^^^^^^^^^^^^^^^^^^
backend_Ai_review/hajeen_platform/tests/test_dataset_manager.py:10: in <module>
    from hajeen_model.datasets.dataset_manager import DatasetManager
E   ModuleNotFoundError: No module named 'hajeen_model.datasets'
___ ERROR collecting backend_Ai_review/hajeen_platform/tests/test_phase7.py ____
ImportError while importing test module '/home/ubuntu/backend_Ai_review/hajeen_platform/tests/test_phase7.py'.
Hint: make sure your test modules/packages have valid Python names.
Traceback:
/usr/lib/python3.12/importlib/__init__.py:90: in import_module
    return _bootstrap._gcd_import(name[level:], package, level)
           ^^^^^^^^^^^^^^^^^^^^^^^^^^^^^^^^^^^^^^^^^^^^^^^^^^^^
backend_Ai_review/hajeen_platform/tests/test_phase7.py:386: in <module>
    _ENGINE = run(_build_search_engine(_CHUNKS))
              ^^^^^^^^^^^^^^^^^^^^^^^^^^^^^^^^^^
backend_Ai_review/hajeen_platform/tests/test_phase7.py:49: in run
    return asyncio.run(coro)
           ^^^^^^^^^^^^^^^^^
/usr/lib/python3.12/asyncio/runners.py:194: in run
    return runner.run(main)
           ^^^^^^^^^^^^^^^^
/usr/lib/python3.12/asyncio/runners.py:118: in run
    return self._loop.run_until_complete(task)
           ^^^^^^^^^^^^^^^^^^^^^^^^^^^^^^^^^^^
/usr/lib/python3.12/asyncio/base_events.py:687: in run_until_complete
    return future.result()
           ^^^^^^^^^^^^^^^
backend_Ai_review/hajeen_platform/tests/test_phase7.py:116: in _build_search_engine
    emb_results = await manager.embed_batch(texts)
                  ^^^^^^^^^^^^^^^^^^^^^^^^^^^^^^^^
backend_Ai_review/hajeen_platform/core/embeddings/embedding_manager.py:72: in embed_batch
    return await model.embed_batch(texts, chunk_ids=chunk_ids, article_id=article_id)
           ^^^^^^^^^^^^^^^^^^^^^^^^^^^^^^^^^^^^^^^^^^^^^^^^^^^^^^^^^^^^^^^^^^^^^^^^^^
backend_Ai_review/hajeen_platform/core/embeddings/base.py:114: in embed_batch
    self.ensure_loaded()
backend_Ai_review/hajeen_platform/core/embeddings/base.py:77: in ensure_loaded
    self.load()
backend_Ai_review/hajeen_platform/core/embeddings/sentence_transformer.py:24: in load
    from sentence_transformers import SentenceTransformer
E   ModuleNotFoundError: No module named 'sentence_transformers'
------------------------------- Captured stdout --------------------------------

════════════════════════════════════════════════════════════
  Phase 7 — Vector Search + RAG Foundation Tests
════════════════════════════════════════════════════════════

[7.1 Embedding Models Layer]
  ✓ 7.1.1 EmbeddingConfig defaults
  ✗ FAIL: No module named 'sentence_transformers'
  ✗ FAIL: No module named 'sentence_transformers'
  ✓ 7.1.4 EmbeddingRegistry.list_models()
  ✗ FAIL: assert 'error' == 'ok'
  ✗ FAIL: No module named 'sentence_transformers'


[7.2 Chunk Embedding Pipeline]
  ✗ FAIL: assert None is not None
  ✗ FAIL: assert 0 == 10
 +  where 0 = EmbedStageResult(article_id='article_batch', total_chunks=10, embedded=0, failed=10, records=[], total_ms=6010.2351719...لات: No module named 'sentence_transformers'", "فشل embedding بعد 3 محاولات: No module named 'sentence_transformers'"]).embedded
  ✗ FAIL: list index out of range


[7.3 Vector Storage Layer — FAISS]
  ✗ FAIL: No module named 'faiss'
  ✗ FAIL: No module named 'faiss'
  ✗ FAIL: No module named 'faiss'
  ✗ FAIL: No module named 'data_engine.storage.vector_store.sqlite_vector_index'
  ✗ FAIL: No module named 'faiss'


[7.4 Semantic Search Engine]
------------------------------- Captured stderr --------------------------------
Traceback (most recent call last):
  File "/home/ubuntu/backend_Ai_review/hajeen_platform/tests/test_phase7.py", line 37, in wrapper
    fn()
  File "/home/ubuntu/backend_Ai_review/hajeen_platform/tests/test_phase7.py", line 165, in test_st_embed
    result = run(model.embed("اختبار النموذج الحقيقي"))
             ^^^^^^^^^^^^^^^^^^^^^^^^^^^^^^^^^^^^^^^^^^
  File "/home/ubuntu/backend_Ai_review/hajeen_platform/tests/test_phase7.py", line 49, in run
    return asyncio.run(coro)
           ^^^^^^^^^^^^^^^^^
  File "/usr/lib/python3.12/asyncio/runners.py", line 194, in run
    return runner.run(main)
           ^^^^^^^^^^^^^^^^
  File "/usr/lib/python3.12/asyncio/runners.py", line 118, in run
    return self._loop.run_until_complete(task)
           ^^^^^^^^^^^^^^^^^^^^^^^^^^^^^^^^^^^
  File "/usr/lib/python3.12/asyncio/base_events.py", line 687, in run_until_complete
    return future.result()
           ^^^^^^^^^^^^^^^
  File "/home/ubuntu/backend_Ai_review/hajeen_platform/core/embeddings/base.py", line 88, in embed
    self.ensure_loaded()
  File "/home/ubuntu/backend_Ai_review/hajeen_platform/core/embeddings/base.py", line 77, in ensure_loaded
    self.load()
  File "/home/ubuntu/backend_Ai_review/hajeen_platform/core/embeddings/sentence_transformer.py", line 24, in load
    from sentence_transformers import SentenceTransformer
ModuleNotFoundError: No module named 'sentence_transformers'
Traceback (most recent call last):
  File "/home/ubuntu/backend_Ai_review/hajeen_platform/tests/test_phase7.py", line 37, in wrapper
    fn()
  File "/home/ubuntu/backend_Ai_review/hajeen_platform/tests/test_phase7.py", line 177, in test_st_batch
    results = run(model.embed_batch(texts))
              ^^^^^^^^^^^^^^^^^^^^^^^^^^^^^
  File "/home/ubuntu/backend_Ai_review/hajeen_platform/tests/test_phase7.py", line 49, in run
    return asyncio.run(coro)
           ^^^^^^^^^^^^^^^^^
  File "/usr/lib/python3.12/asyncio/runners.py", line 194, in run
    return runner.run(main)
           ^^^^^^^^^^^^^^^^
  File "/usr/lib/python3.12/asyncio/runners.py", line 118, in run
    return self._loop.run_until_complete(task)
           ^^^^^^^^^^^^^^^^^^^^^^^^^^^^^^^^^^^
  File "/usr/lib/python3.12/asyncio/base_events.py", line 687, in run_until_complete
    return future.result()
           ^^^^^^^^^^^^^^^
  File "/home/ubuntu/backend_Ai_review/hajeen_platform/core/embeddings/base.py", line 114, in embed_batch
    self.ensure_loaded()
  File "/home/ubuntu/backend_Ai_review/hajeen_platform/core/embeddings/base.py", line 77, in ensure_loaded
    self.load()
  File "/home/ubuntu/backend_Ai_review/hajeen_platform/core/embeddings/sentence_transformer.py", line 24, in load
    from sentence_transformers import SentenceTransformer
ModuleNotFoundError: No module named 'sentence_transformers'
Traceback (most recent call last):
  File "/home/ubuntu/backend_Ai_review/hajeen_platform/tests/test_phase7.py", line 37, in wrapper
    fn()
  File "/home/ubuntu/backend_Ai_review/hajeen_platform/tests/test_phase7.py", line 200, in test_manager_health
    assert health["status"] == "ok"
AssertionError: assert 'error' == 'ok'
Traceback (most recent call last):
  File "/home/ubuntu/backend_Ai_review/hajeen_platform/tests/test_phase7.py", line 37, in wrapper
    fn()
  File "/home/ubuntu/backend_Ai_review/hajeen_platform/tests/test_phase7.py", line 212, in test_embed_100
    results = run(manager.embed_batch(texts))
              ^^^^^^^^^^^^^^^^^^^^^^^^^^^^^^^
  File "/home/ubuntu/backend_Ai_review/hajeen_platform/tests/test_phase7.py", line 49, in run
    return asyncio.run(coro)
           ^^^^^^^^^^^^^^^^^
  File "/usr/lib/python3.12/asyncio/runners.py", line 194, in run
    return runner.run(main)
           ^^^^^^^^^^^^^^^^
  File "/usr/lib/python3.12/asyncio/runners.py", line 118, in run
    return self._loop.run_until_complete(task)
           ^^^^^^^^^^^^^^^^^^^^^^^^^^^^^^^^^^^
  File "/usr/lib/python3.12/asyncio/base_events.py", line 687, in run_until_complete
    return future.result()
           ^^^^^^^^^^^^^^^
  File "/home/ubuntu/backend_Ai_review/hajeen_platform/core/embeddings/embedding_manager.py", line 72, in embed_batch
    return await model.embed_batch(texts, chunk_ids=chunk_ids, article_id=article_id)
           ^^^^^^^^^^^^^^^^^^^^^^^^^^^^^^^^^^^^^^^^^^^^^^^^^^^^^^^^^^^^^^^^^^^^^^^^^^
  File "/home/ubuntu/backend_Ai_review/hajeen_platform/core/embeddings/base.py", line 114, in embed_batch
    self.ensure_loaded()
  File "/home/ubuntu/backend_Ai_review/hajeen_platform/core/embeddings/base.py", line 77, in ensure_loaded
    self.load()
  File "/home/ubuntu/backend_Ai_review/hajeen_platform/core/embeddings/sentence_transformer.py", line 24, in load
    from sentence_transformers import SentenceTransformer
ModuleNotFoundError: No module named 'sentence_transformers'
Traceback (most recent call last):
  File "/home/ubuntu/backend_Ai_review/hajeen_platform/tests/test_phase7.py", line 37, in wrapper
    fn()
  File "/home/ubuntu/backend_Ai_review/hajeen_platform/tests/test_phase7.py", line 231, in test_embed_stage_single
    assert record is not None
AssertionError: assert None is not None
Traceback (most recent call last):
  File "/home/ubuntu/backend_Ai_review/hajeen_platform/tests/test_phase7.py", line 37, in wrapper
    fn()
  File "/home/ubuntu/backend_Ai_review/hajeen_platform/tests/test_phase7.py", line 243, in test_embed_stage_batch
    assert result.embedded == 10
AssertionError: assert 0 == 10
 +  where 0 = EmbedStageResult(article_id='article_batch', total_chunks=10, embedded=0, failed=10, records=[], total_ms=6010.2351719...لات: No module named 'sentence_transformers'", "فشل embedding بعد 3 محاولات: No module named 'sentence_transformers'"]).embedded
Traceback (most recent call last):
  File "/home/ubuntu/backend_Ai_review/hajeen_platform/tests/test_phase7.py", line 37, in wrapper
    fn()
  File "/home/ubuntu/backend_Ai_review/hajeen_platform/tests/test_phase7.py", line 256, in test_embed_record_fields
    record = result.records[0]
             ~~~~~~~~~~~~~~^^^
IndexError: list index out of range
Traceback (most recent call last):
  File "/home/ubuntu/backend_Ai_review/hajeen_platform/tests/test_phase7.py", line 37, in wrapper
    fn()
  File "/home/ubuntu/backend_Ai_review/hajeen_platform/tests/test_phase7.py", line 277, in test_faiss_add
    store = FAISSVectorStore(dimensions=64)
            ^^^^^^^^^^^^^^^^^^^^^^^^^^^^^^^
  File "/home/ubuntu/backend_Ai_review/hajeen_platform/data_engine/storage/vector_store/faiss_client.py", line 36, in __init__
    self._init_index()
  File "/home/ubuntu/backend_Ai_review/hajeen_platform/data_engine/storage/vector_store/faiss_client.py", line 39, in _init_index
    import faiss
ModuleNotFoundError: No module named 'faiss'
Traceback (most recent call last):
  File "/home/ubuntu/backend_Ai_review/hajeen_platform/tests/test_phase7.py", line 37, in wrapper
    fn()
  File "/home/ubuntu/backend_Ai_review/hajeen_platform/tests/test_phase7.py", line 300, in test_faiss_search
    store = FAISSVectorStore(dimensions=32)
            ^^^^^^^^^^^^^^^^^^^^^^^^^^^^^^^
  File "/home/ubuntu/backend_Ai_review/hajeen_platform/data_engine/storage/vector_store/faiss_client.py", line 36, in __init__
    self._init_index()
  File "/home/ubuntu/backend_Ai_review/hajeen_platform/data_engine/storage/vector_store/faiss_client.py", line 39, in _init_index
    import faiss
ModuleNotFoundError: No module named 'faiss'
Traceback (most recent call last):
  File "/home/ubuntu/backend_Ai_review/hajeen_platform/tests/test_phase7.py", line 37, in wrapper
    fn()
  File "/home/ubuntu/backend_Ai_review/hajeen_platform/tests/test_phase7.py", line 322, in test_faiss_save_load
    store = FAISSVectorStore(dimensions=16)
            ^^^^^^^^^^^^^^^^^^^^^^^^^^^^^^^
  File "/home/ubuntu/backend_Ai_review/hajeen_platform/data_engine/storage/vector_store/faiss_client.py", line 36, in __init__
    self._init_index()
  File "/home/ubuntu/backend_Ai_review/hajeen_platform/data_engine/storage/vector_store/faiss_client.py", line 39, in _init_index
    import faiss
ModuleNotFoundError: No module named 'faiss'
Traceback (most recent call last):
  File "/home/ubuntu/backend_Ai_review/hajeen_platform/tests/test_phase7.py", line 37, in wrapper
    fn()
  File "/home/ubuntu/backend_Ai_review/hajeen_platform/tests/test_phase7.py", line 343, in test_sqlite_vector
    from data_engine.storage.vector_store.sqlite_vector_index import SQLiteVectorIndex
ModuleNotFoundError: No module named 'data_engine.storage.vector_store.sqlite_vector_index'
Traceback (most recent call last):
  File "/home/ubuntu/backend_Ai_review/hajeen_platform/tests/test_phase7.py", line 37, in wrapper
    fn()
  File "/home/ubuntu/backend_Ai_review/hajeen_platform/tests/test_phase7.py", line 366, in test_faiss_filter
    store = FAISSVectorStore(dimensions=16)
            ^^^^^^^^^^^^^^^^^^^^^^^^^^^^^^^
  File "/home/ubuntu/backend_Ai_review/hajeen_platform/data_engine/storage/vector_store/faiss_client.py", line 36, in __init__
    self._init_index()
  File "/home/ubuntu/backend_Ai_review/hajeen_platform/data_engine/storage/vector_store/faiss_client.py", line 39, in _init_index
    import faiss
ModuleNotFoundError: No module named 'faiss'
_ ERROR collecting backend_Ai_review/hajeen_platform/tests/test_preparation_pipeline.py _
ImportError while importing test module '/home/ubuntu/backend_Ai_review/hajeen_platform/tests/test_preparation_pipeline.py'.
Hint: make sure your test modules/packages have valid Python names.
Traceback:
/usr/lib/python3.12/importlib/__init__.py:90: in import_module
    return _bootstrap._gcd_import(name[level:], package, level)
           ^^^^^^^^^^^^^^^^^^^^^^^^^^^^^^^^^^^^^^^^^^^^^^^^^^^^
backend_Ai_review/hajeen_platform/tests/test_preparation_pipeline.py:8: in <module>
    from data_engine.preparation.data_preparation_pipeline import DataPreparationPipeline
backend_Ai_review/hajeen_platform/data_engine/preparation/data_preparation_pipeline.py:4: in <module>
    from .deduplicator import Deduplicator
backend_Ai_review/hajeen_platform/data_engine/preparation/deduplicator.py:3: in <module>
    from datasketch import MinHash, MinHashLSH
E   ModuleNotFoundError: No module named 'datasketch'
___ ERROR collecting backend_Ai_review/hajeen_platform/tests/test_worker.py ____
ImportError while importing test module '/home/ubuntu/backend_Ai_review/hajeen_platform/tests/test_worker.py'.
Hint: make sure your test modules/packages have valid Python names.
Traceback:
/usr/lib/python3.12/importlib/__init__.py:90: in import_module
    return _bootstrap._gcd_import(name[level:], package, level)
           ^^^^^^^^^^^^^^^^^^^^^^^^^^^^^^^^^^^^^^^^^^^^^^^^^^^^
backend_Ai_review/hajeen_platform/tests/test_worker.py:2: in <module>
    from workers.tasks.test_task import add, ping_worker
backend_Ai_review/hajeen_platform/workers/tasks/__init__.py:2: in <module>
    from .ingestion_tasks import (
backend_Ai_review/hajeen_platform/workers/tasks/ingestion_tasks.py:17: in <module>
    from celery import shared_task
E   ModuleNotFoundError: No module named 'celery'
_ ERROR collecting backend_Ai_review/hajeen_platform/tests/unit/test_base_connector.py _
ImportError while importing test module '/home/ubuntu/backend_Ai_review/hajeen_platform/tests/unit/test_base_connector.py'.
Hint: make sure your test modules/packages have valid Python names.
Traceback:
/usr/lib/python3.12/importlib/__init__.py:90: in import_module
    return _bootstrap._gcd_import(name[level:], package, level)
           ^^^^^^^^^^^^^^^^^^^^^^^^^^^^^^^^^^^^^^^^^^^^^^^^^^^^
backend_Ai_review/hajeen_platform/tests/unit/test_base_connector.py:12: in <module>
    import respx
E   ModuleNotFoundError: No module named 'respx'
__ ERROR collecting backend_Ai_review/hajeen_platform/tests/unit/test_cli.py ___
ImportError while importing test module '/home/ubuntu/backend_Ai_review/hajeen_platform/tests/unit/test_cli.py'.
Hint: make sure your test modules/packages have valid Python names.
Traceback:
/usr/lib/python3.12/importlib/__init__.py:90: in import_module
    return _bootstrap._gcd_import(name[level:], package, level)
           ^^^^^^^^^^^^^^^^^^^^^^^^^^^^^^^^^^^^^^^^^^^^^^^^^^^^
backend_Ai_review/hajeen_platform/tests/unit/test_cli.py:2: in <module>
    from typer.testing import CliRunner
E   ModuleNotFoundError: No module named 'typer'
_ ERROR collecting backend_Ai_review/hajeen_platform/tests/unit/test_custom_connector.py _
ImportError while importing test module '/home/ubuntu/backend_Ai_review/hajeen_platform/tests/unit/test_custom_connector.py'.
Hint: make sure your test modules/packages have valid Python names.
Traceback:
/usr/lib/python3.12/importlib/__init__.py:90: in import_module
    return _bootstrap._gcd_import(name[level:], package, level)
           ^^^^^^^^^^^^^^^^^^^^^^^^^^^^^^^^^^^^^^^^^^^^^^^^^^^^
backend_Ai_review/hajeen_platform/tests/unit/test_custom_connector.py:10: in <module>
    import respx
E   ModuleNotFoundError: No module named 'respx'
_ ERROR collecting backend_Ai_review/hajeen_platform/tests/unit/test_github_connector.py _
ImportError while importing test module '/home/ubuntu/backend_Ai_review/hajeen_platform/tests/unit/test_github_connector.py'.
Hint: make sure your test modules/packages have valid Python names.
Traceback:
/usr/lib/python3.12/importlib/__init__.py:90: in import_module
    return _bootstrap._gcd_import(name[level:], package, level)
           ^^^^^^^^^^^^^^^^^^^^^^^^^^^^^^^^^^^^^^^^^^^^^^^^^^^^
backend_Ai_review/hajeen_platform/tests/unit/test_github_connector.py:10: in <module>
    import respx
E   ModuleNotFoundError: No module named 'respx'
_ ERROR collecting backend_Ai_review/hajeen_platform/tests/unit/test_ingestion_http.py _
ImportError while importing test module '/home/ubuntu/backend_Ai_review/hajeen_platform/tests/unit/test_ingestion_http.py'.
Hint: make sure your test modules/packages have valid Python names.
Traceback:
/usr/lib/python3.12/importlib/__init__.py:90: in import_module
    return _bootstrap._gcd_import(name[level:], package, level)
           ^^^^^^^^^^^^^^^^^^^^^^^^^^^^^^^^^^^^^^^^^^^^^^^^^^^^
backend_Ai_review/hajeen_platform/tests/unit/test_ingestion_http.py:2: in <module>
    import respx
E   ModuleNotFoundError: No module named 'respx'
_ ERROR collecting backend_Ai_review/hajeen_platform/tests/unit/test_memory_unification_runtime.py _
ImportError while importing test module '/home/ubuntu/backend_Ai_review/hajeen_platform/tests/unit/test_memory_unification_runtime.py'.
Hint: make sure your test modules/packages have valid Python names.
Traceback:
/usr/lib/python3.12/importlib/__init__.py:90: in import_module
    return _bootstrap._gcd_import(name[level:], package, level)
           ^^^^^^^^^^^^^^^^^^^^^^^^^^^^^^^^^^^^^^^^^^^^^^^^^^^^
backend_Ai_review/hajeen_platform/tests/unit/test_memory_unification_runtime.py:11: in <module>
    from hajeen_platform.services.memory.session_manager import get_session_manager
backend_Ai_review/hajeen_platform/services/memory/__init__.py:2: in <module>
    from .conversation_memory import ConversationMemory, Message
E   ImportError: cannot import name 'Message' from 'hajeen_platform.services.memory.conversation_memory' (/home/ubuntu/backend_Ai_review/hajeen_platform/services/memory/conversation_memory.py)
_ ERROR collecting backend_Ai_review/hajeen_platform/tests/unit/test_newsapi_connector.py _
ImportError while importing test module '/home/ubuntu/backend_Ai_review/hajeen_platform/tests/unit/test_newsapi_connector.py'.
Hint: make sure your test modules/packages have valid Python names.
Traceback:
/usr/lib/python3.12/importlib/__init__.py:90: in import_module
    return _bootstrap._gcd_import(name[level:], package, level)
           ^^^^^^^^^^^^^^^^^^^^^^^^^^^^^^^^^^^^^^^^^^^^^^^^^^^^
backend_Ai_review/hajeen_platform/tests/unit/test_newsapi_connector.py:12: in <module>
    import respx
E   ModuleNotFoundError: No module named 'respx'
_ ERROR collecting backend_Ai_review/hajeen_platform/tests/unit/test_reddit_connector.py _
ImportError while importing test module '/home/ubuntu/backend_Ai_review/hajeen_platform/tests/unit/test_reddit_connector.py'.
Hint: make sure your test modules/packages have valid Python names.
Traceback:
/usr/lib/python3.12/importlib/__init__.py:90: in import_module
    return _bootstrap._gcd_import(name[level:], package, level)
           ^^^^^^^^^^^^^^^^^^^^^^^^^^^^^^^^^^^^^^^^^^^^^^^^^^^^
backend_Ai_review/hajeen_platform/tests/unit/test_reddit_connector.py:10: in <module>
    import respx
E   ModuleNotFoundError: No module named 'respx'
_ ERROR collecting backend_Ai_review/hajeen_platform/tests/unit/test_requests_fetcher.py _
ImportError while importing test module '/home/ubuntu/backend_Ai_review/hajeen_platform/tests/unit/test_requests_fetcher.py'.
Hint: make sure your test modules/packages have valid Python names.
Traceback:
/usr/lib/python3.12/importlib/__init__.py:90: in import_module
    return _bootstrap._gcd_import(name[level:], package, level)
           ^^^^^^^^^^^^^^^^^^^^^^^^^^^^^^^^^^^^^^^^^^^^^^^^^^^^
backend_Ai_review/hajeen_platform/tests/unit/test_requests_fetcher.py:6: in <module>
    import respx
E   ModuleNotFoundError: No module named 'respx'
_ ERROR collecting backend_Ai_review/hajeen_platform/tests/unit/test_rss_parser.py _
backend_Ai_review/hajeen_platform/tests/unit/test_rss_parser.py:24: in <module>
    SAMPLE_RSS = (FIXTURES_DIR / "sample_rss.xml").read_text(encoding="utf-8")
                 ^^^^^^^^^^^^^^^^^^^^^^^^^^^^^^^^^^^^^^^^^^^^^^^^^^^^^^^^^^^^^
/usr/lib/python3.12/pathlib.py:1029: in read_text
    with self.open(mode='r', encoding=encoding, errors=errors) as f:
         ^^^^^^^^^^^^^^^^^^^^^^^^^^^^^^^^^^^^^^^^^^^^^^^^^^^^^
/usr/lib/python3.12/pathlib.py:1015: in open
    return io.open(self, mode, buffering, encoding, errors, newline)
           ^^^^^^^^^^^^^^^^^^^^^^^^^^^^^^^^^^^^^^^^^^^^^^^^^^^^^^^^^
E   FileNotFoundError: [Errno 2] No such file or directory: '/home/ubuntu/backend_Ai_review/hajeen_platform/tests/fixtures/sample_rss.xml'
_ ERROR collecting backend_Ai_review/hajeen_platform/tests/unit/test_sitemap_parser.py _
backend_Ai_review/hajeen_platform/tests/unit/test_sitemap_parser.py:21: in <module>
    SITEMAP_XML = (FIXTURES_DIR / "sample_sitemap.xml").read_text(encoding="utf-8")
                  ^^^^^^^^^^^^^^^^^^^^^^^^^^^^^^^^^^^^^^^^^^^^^^^^^^^^^^^^^^^^^^^^^
/usr/lib/python3.12/pathlib.py:1029: in read_text
    with self.open(mode='r', encoding=encoding, errors=errors) as f:
         ^^^^^^^^^^^^^^^^^^^^^^^^^^^^^^^^^^^^^^^^^^^^^^^^^^^^^
/usr/lib/python3.12/pathlib.py:1015: in open
    return io.open(self, mode, buffering, encoding, errors, newline)
           ^^^^^^^^^^^^^^^^^^^^^^^^^^^^^^^^^^^^^^^^^^^^^^^^^^^^^^^^^
E   FileNotFoundError: [Errno 2] No such file or directory: '/home/ubuntu/backend_Ai_review/hajeen_platform/tests/fixtures/sample_sitemap.xml'
_ ERROR collecting backend_Ai_review/hajeen_platform/tests/unit/test_storage_phase3.py _
ImportError while importing test module '/home/ubuntu/backend_Ai_review/hajeen_platform/tests/unit/test_storage_phase3.py'.
Hint: make sure your test modules/packages have valid Python names.
Traceback:
/usr/lib/python3.12/importlib/__init__.py:90: in import_module
    return _bootstrap._gcd_import(name[level:], package, level)
           ^^^^^^^^^^^^^^^^^^^^^^^^^^^^^^^^^^^^^^^^^^^^^^^^^^^^
backend_Ai_review/hajeen_platform/tests/unit/test_storage_phase3.py:6: in <module>
    from hajeen_ai_platform.data_engine.storage.raw_store.local_storage import LocalRawStorage
E   ModuleNotFoundError: No module named 'hajeen_ai_platform'
_ ERROR collecting backend_Ai_review/hajeen_platform/tests/unit/test_storage_phase3_part2.py _
ImportError while importing test module '/home/ubuntu/backend_Ai_review/hajeen_platform/tests/unit/test_storage_phase3_part2.py'.
Hint: make sure your test modules/packages have valid Python names.
Traceback:
/usr/lib/python3.12/importlib/__init__.py:90: in import_module
    return _bootstrap._gcd_import(name[level:], package, level)
           ^^^^^^^^^^^^^^^^^^^^^^^^^^^^^^^^^^^^^^^^^^^^^^^^^^^^
backend_Ai_review/hajeen_platform/tests/unit/test_storage_phase3_part2.py:7: in <module>
    from hajeen_ai_platform.data_engine.storage.processed_store.bronze_layer import BronzeLayer, BronzeSchema
E   ModuleNotFoundError: No module named 'hajeen_ai_platform'
_ ERROR collecting backend_Ai_review/hajeen_platform/workers/tasks/test_task.py _
ImportError while importing test module '/home/ubuntu/backend_Ai_review/hajeen_platform/workers/tasks/test_task.py'.
Hint: make sure your test modules/packages have valid Python names.
Traceback:
/usr/lib/python3.12/importlib/__init__.py:90: in import_module
    return _bootstrap._gcd_import(name[level:], package, level)
           ^^^^^^^^^^^^^^^^^^^^^^^^^^^^^^^^^^^^^^^^^^^^^^^^^^^^
backend_Ai_review/hajeen_platform/workers/tasks/__init__.py:2: in <module>
    from .ingestion_tasks import (
backend_Ai_review/hajeen_platform/workers/tasks/ingestion_tasks.py:17: in <module>
    from celery import shared_task
E   ModuleNotFoundError: No module named 'celery'
_ ERROR collecting backend_Ai_review/source_candidates/raedthawaba_Ai/tree/hajeen_platform/brain/cognitive_layer/test_cognitive_components.py _
ImportError while importing test module '/home/ubuntu/backend_Ai_review/source_candidates/raedthawaba_Ai/tree/hajeen_platform/brain/cognitive_layer/test_cognitive_components.py'.
Hint: make sure your test modules/packages have valid Python names.
Traceback:
/usr/lib/python3.12/importlib/__init__.py:90: in import_module
    return _bootstrap._gcd_import(name[level:], package, level)
           ^^^^^^^^^^^^^^^^^^^^^^^^^^^^^^^^^^^^^^^^^^^^^^^^^^^^
backend_Ai_review/hajeen_platform/brain/cognitive_layer/test_cognitive_components.py:12: in <module>
    from cognitive_compiler import CognitiveCompiler
E   ModuleNotFoundError: No module named 'cognitive_compiler'
_ ERROR collecting backend_Ai_review/source_candidates/raedthawaba_Ai/tree/hajeen_platform/brain/evolution/test_self_evolution.py _
import file mismatch:
imported module 'hajeen_platform.brain.evolution.test_self_evolution' has this __file__ attribute:
  /home/ubuntu/backend_Ai_review/hajeen_platform/brain/evolution/test_self_evolution.py
which is not the same as the test file we want to collect:
  /home/ubuntu/backend_Ai_review/source_candidates/raedthawaba_Ai/tree/hajeen_platform/brain/evolution/test_self_evolution.py
HINT: remove __pycache__ / .pyc files and/or use a unique basename for your test file modules
_ ERROR collecting backend_Ai_review/source_candidates/raedthawaba_Ai/tree/hajeen_platform/brain/reflection/test_self_reflection.py _
import file mismatch:
imported module 'hajeen_platform.brain.reflection.test_self_reflection' has this __file__ attribute:
  /home/ubuntu/backend_Ai_review/hajeen_platform/brain/reflection/test_self_reflection.py
which is not the same as the test file we want to collect:
  /home/ubuntu/backend_Ai_review/source_candidates/raedthawaba_Ai/tree/hajeen_platform/brain/reflection/test_self_reflection.py
HINT: remove __pycache__ / .pyc files and/or use a unique basename for your test file modules
_ ERROR collecting backend_Ai_review/source_candidates/raedthawaba_Ai/tree/hajeen_platform/brain/tests/test_brain_components.py _
import file mismatch:
imported module 'hajeen_platform.brain.tests.test_brain_components' has this __file__ attribute:
  /home/ubuntu/backend_Ai_review/hajeen_platform/brain/tests/test_brain_components.py
which is not the same as the test file we want to collect:
  /home/ubuntu/backend_Ai_review/source_candidates/raedthawaba_Ai/tree/hajeen_platform/brain/tests/test_brain_components.py
HINT: remove __pycache__ / .pyc files and/or use a unique basename for your test file modules
_ ERROR collecting backend_Ai_review/source_candidates/raedthawaba_Ai/tree/hajeen_platform/hajeen_model/hybrid_models/tests/test_attention.py _
ImportError while importing test module '/home/ubuntu/backend_Ai_review/source_candidates/raedthawaba_Ai/tree/hajeen_platform/hajeen_model/hybrid_models/tests/test_attention.py'.
Hint: make sure your test modules/packages have valid Python names.
Traceback:
/usr/lib/python3.12/importlib/__init__.py:90: in import_module
    return _bootstrap._gcd_import(name[level:], package, level)
           ^^^^^^^^^^^^^^^^^^^^^^^^^^^^^^^^^^^^^^^^^^^^^^^^^^^^
backend_Ai_review/hajeen_platform/hajeen_model/hybrid_models/__init__.py:23: in <module>
    from hajeen_model.config.hajeen_config import HajeenConfig
E   ModuleNotFoundError: No module named 'hajeen_model.config'
_ ERROR collecting backend_Ai_review/source_candidates/raedthawaba_Ai/tree/hajeen_platform/hajeen_model/hybrid_models/tests/test_checkpoint.py _
ImportError while importing test module '/home/ubuntu/backend_Ai_review/source_candidates/raedthawaba_Ai/tree/hajeen_platform/hajeen_model/hybrid_models/tests/test_checkpoint.py'.
Hint: make sure your test modules/packages have valid Python names.
Traceback:
/usr/lib/python3.12/importlib/__init__.py:90: in import_module
    return _bootstrap._gcd_import(name[level:], package, level)
           ^^^^^^^^^^^^^^^^^^^^^^^^^^^^^^^^^^^^^^^^^^^^^^^^^^^^
backend_Ai_review/hajeen_platform/hajeen_model/hybrid_models/__init__.py:23: in <module>
    from hajeen_model.config.hajeen_config import HajeenConfig
E   ModuleNotFoundError: No module named 'hajeen_model.config'
_ ERROR collecting backend_Ai_review/source_candidates/raedthawaba_Ai/tree/hajeen_platform/hajeen_model/hybrid_models/tests/test_config.py _
ImportError while importing test module '/home/ubuntu/backend_Ai_review/source_candidates/raedthawaba_Ai/tree/hajeen_platform/hajeen_model/hybrid_models/tests/test_config.py'.
Hint: make sure your test modules/packages have valid Python names.
Traceback:
/usr/lib/python3.12/importlib/__init__.py:90: in import_module
    return _bootstrap._gcd_import(name[level:], package, level)
           ^^^^^^^^^^^^^^^^^^^^^^^^^^^^^^^^^^^^^^^^^^^^^^^^^^^^
backend_Ai_review/hajeen_platform/hajeen_model/hybrid_models/__init__.py:23: in <module>
    from hajeen_model.config.hajeen_config import HajeenConfig
E   ModuleNotFoundError: No module named 'hajeen_model.config'
_ ERROR collecting backend_Ai_review/source_candidates/raedthawaba_Ai/tree/hajeen_platform/hajeen_model/hybrid_models/tests/test_datasets.py _
ImportError while importing test module '/home/ubuntu/backend_Ai_review/source_candidates/raedthawaba_Ai/tree/hajeen_platform/hajeen_model/hybrid_models/tests/test_datasets.py'.
Hint: make sure your test modules/packages have valid Python names.
Traceback:
/usr/lib/python3.12/importlib/__init__.py:90: in import_module
    return _bootstrap._gcd_import(name[level:], package, level)
           ^^^^^^^^^^^^^^^^^^^^^^^^^^^^^^^^^^^^^^^^^^^^^^^^^^^^
backend_Ai_review/hajeen_platform/hajeen_model/hybrid_models/__init__.py:23: in <module>
    from hajeen_model.config.hajeen_config import HajeenConfig
E   ModuleNotFoundError: No module named 'hajeen_model.config'
_ ERROR collecting backend_Ai_review/source_candidates/raedthawaba_Ai/tree/hajeen_platform/hajeen_model/hybrid_models/tests/test_fine_tuning.py _
ImportError while importing test module '/home/ubuntu/backend_Ai_review/source_candidates/raedthawaba_Ai/tree/hajeen_platform/hajeen_model/hybrid_models/tests/test_fine_tuning.py'.
Hint: make sure your test modules/packages have valid Python names.
Traceback:
/usr/lib/python3.12/importlib/__init__.py:90: in import_module
    return _bootstrap._gcd_import(name[level:], package, level)
           ^^^^^^^^^^^^^^^^^^^^^^^^^^^^^^^^^^^^^^^^^^^^^^^^^^^^
backend_Ai_review/hajeen_platform/hajeen_model/hybrid_models/__init__.py:23: in <module>
    from hajeen_model.config.hajeen_config import HajeenConfig
E   ModuleNotFoundError: No module named 'hajeen_model.config'
_ ERROR collecting backend_Ai_review/source_candidates/raedthawaba_Ai/tree/hajeen_platform/hajeen_model/hybrid_models/tests/test_inference.py _
ImportError while importing test module '/home/ubuntu/backend_Ai_review/source_candidates/raedthawaba_Ai/tree/hajeen_platform/hajeen_model/hybrid_models/tests/test_inference.py'.
Hint: make sure your test modules/packages have valid Python names.
Traceback:
/usr/lib/python3.12/importlib/__init__.py:90: in import_module
    return _bootstrap._gcd_import(name[level:], package, level)
           ^^^^^^^^^^^^^^^^^^^^^^^^^^^^^^^^^^^^^^^^^^^^^^^^^^^^
backend_Ai_review/hajeen_platform/hajeen_model/hybrid_models/__init__.py:23: in <module>
    from hajeen_model.config.hajeen_config import HajeenConfig
E   ModuleNotFoundError: No module named 'hajeen_model.config'
_ ERROR collecting backend_Ai_review/source_candidates/raedthawaba_Ai/tree/hajeen_platform/hajeen_model/hybrid_models/tests/test_layers.py _
ImportError while importing test module '/home/ubuntu/backend_Ai_review/source_candidates/raedthawaba_Ai/tree/hajeen_platform/hajeen_model/hybrid_models/tests/test_layers.py'.
Hint: make sure your test modules/packages have valid Python names.
Traceback:
/usr/lib/python3.12/importlib/__init__.py:90: in import_module
    return _bootstrap._gcd_import(name[level:], package, level)
           ^^^^^^^^^^^^^^^^^^^^^^^^^^^^^^^^^^^^^^^^^^^^^^^^^^^^
backend_Ai_review/hajeen_platform/hajeen_model/hybrid_models/__init__.py:23: in <module>
    from hajeen_model.config.hajeen_config import HajeenConfig
E   ModuleNotFoundError: No module named 'hajeen_model.config'
_ ERROR collecting backend_Ai_review/source_candidates/raedthawaba_Ai/tree/hajeen_platform/hajeen_model/hybrid_models/tests/test_model.py _
ImportError while importing test module '/home/ubuntu/backend_Ai_review/source_candidates/raedthawaba_Ai/tree/hajeen_platform/hajeen_model/hybrid_models/tests/test_model.py'.
Hint: make sure your test modules/packages have valid Python names.
Traceback:
/usr/lib/python3.12/importlib/__init__.py:90: in import_module
    return _bootstrap._gcd_import(name[level:], package, level)
           ^^^^^^^^^^^^^^^^^^^^^^^^^^^^^^^^^^^^^^^^^^^^^^^^^^^^
backend_Ai_review/hajeen_platform/hajeen_model/hybrid_models/__init__.py:23: in <module>
    from hajeen_model.config.hajeen_config import HajeenConfig
E   ModuleNotFoundError: No module named 'hajeen_model.config'
_ ERROR collecting backend_Ai_review/source_candidates/raedthawaba_Ai/tree/hajeen_platform/hajeen_model/hybrid_models/tests/test_quantization.py _
ImportError while importing test module '/home/ubuntu/backend_Ai_review/source_candidates/raedthawaba_Ai/tree/hajeen_platform/hajeen_model/hybrid_models/tests/test_quantization.py'.
Hint: make sure your test modules/packages have valid Python names.
Traceback:
/usr/lib/python3.12/importlib/__init__.py:90: in import_module
    return _bootstrap._gcd_import(name[level:], package, level)
           ^^^^^^^^^^^^^^^^^^^^^^^^^^^^^^^^^^^^^^^^^^^^^^^^^^^^
backend_Ai_review/hajeen_platform/hajeen_model/hybrid_models/__init__.py:23: in <module>
    from hajeen_model.config.hajeen_config import HajeenConfig
E   ModuleNotFoundError: No module named 'hajeen_model.config'
_ ERROR collecting backend_Ai_review/source_candidates/raedthawaba_Ai/tree/hajeen_platform/hajeen_model/hybrid_models/tests/test_tokenizer.py _
ImportError while importing test module '/home/ubuntu/backend_Ai_review/source_candidates/raedthawaba_Ai/tree/hajeen_platform/hajeen_model/hybrid_models/tests/test_tokenizer.py'.
Hint: make sure your test modules/packages have valid Python names.
Traceback:
/usr/lib/python3.12/importlib/__init__.py:90: in import_module
    return _bootstrap._gcd_import(name[level:], package, level)
           ^^^^^^^^^^^^^^^^^^^^^^^^^^^^^^^^^^^^^^^^^^^^^^^^^^^^
backend_Ai_review/hajeen_platform/hajeen_model/hybrid_models/__init__.py:23: in <module>
    from hajeen_model.config.hajeen_config import HajeenConfig
E   ModuleNotFoundError: No module named 'hajeen_model.config'
_ ERROR collecting backend_Ai_review/source_candidates/raedthawaba_Ai/tree/hajeen_platform/hajeen_model/tests/test_phase_4_5.py _
ImportError while importing test module '/home/ubuntu/backend_Ai_review/source_candidates/raedthawaba_Ai/tree/hajeen_platform/hajeen_model/tests/test_phase_4_5.py'.
Hint: make sure your test modules/packages have valid Python names.
Traceback:
/usr/lib/python3.12/importlib/__init__.py:90: in import_module
    return _bootstrap._gcd_import(name[level:], package, level)
           ^^^^^^^^^^^^^^^^^^^^^^^^^^^^^^^^^^^^^^^^^^^^^^^^^^^^
backend_Ai_review/hajeen_platform/hajeen_model/tests/test_phase_4_5.py:12: in <module>
    from hajeen_model.datasets.dataset_loader import DatasetLoader
E   ModuleNotFoundError: No module named 'hajeen_model.datasets'
_ ERROR collecting backend_Ai_review/source_candidates/raedthawaba_Ai/tree/hajeen_platform/tests _
/usr/local/lib/python3.12/dist-packages/_pytest/config/__init__.py:712: in _importconftest
    mod = import_path(
/usr/local/lib/python3.12/dist-packages/_pytest/pathlib.py:610: in import_path
    raise ImportPathMismatchError(module_name, module_file, path)
E   _pytest.pathlib.ImportPathMismatchError: ('hajeen_platform.tests.conftest', '/home/ubuntu/backend_Ai_review/hajeen_platform/tests/conftest.py', PosixPath('/home/ubuntu/backend_Ai_review/source_candidates/raedthawaba_Ai/tree/hajeen_platform/tests/conftest.py'))
_ ERROR collecting backend_Ai_review/source_candidates/raedthawaba_Ai/tree/hajeen_platform/workers/tasks/test_task.py _
ImportError while importing test module '/home/ubuntu/backend_Ai_review/source_candidates/raedthawaba_Ai/tree/hajeen_platform/workers/tasks/test_task.py'.
Hint: make sure your test modules/packages have valid Python names.
Traceback:
/usr/lib/python3.12/importlib/__init__.py:90: in import_module
    return _bootstrap._gcd_import(name[level:], package, level)
           ^^^^^^^^^^^^^^^^^^^^^^^^^^^^^^^^^^^^^^^^^^^^^^^^^^^^
backend_Ai_review/hajeen_platform/workers/tasks/__init__.py:2: in <module>
    from .ingestion_tasks import (
backend_Ai_review/hajeen_platform/workers/tasks/ingestion_tasks.py:17: in <module>
    from celery import shared_task
E   ModuleNotFoundError: No module named 'celery'
_ ERROR collecting hajeen_recovery/phase0_20260817T181605Z/current_snapshot/brain/cognitive_layer/test_cognitive_components.py _
ImportError while importing test module '/home/ubuntu/hajeen_recovery/phase0_20260817T181605Z/current_snapshot/brain/cognitive_layer/test_cognitive_components.py'.
Hint: make sure your test modules/packages have valid Python names.
Traceback:
/usr/lib/python3.12/importlib/__init__.py:90: in import_module
    return _bootstrap._gcd_import(name[level:], package, level)
           ^^^^^^^^^^^^^^^^^^^^^^^^^^^^^^^^^^^^^^^^^^^^^^^^^^^^
hajeen_recovery/phase0_20260817T181605Z/current_snapshot/brain/cognitive_layer/test_cognitive_components.py:12: in <module>
    from cognitive_compiler import CognitiveCompiler
E   ModuleNotFoundError: No module named 'cognitive_compiler'
_ ERROR collecting hajeen_recovery/phase0_20260817T181605Z/current_snapshot/hajeen_model/hybrid_models/tests/test_attention.py _
ImportError while importing test module '/home/ubuntu/hajeen_recovery/phase0_20260817T181605Z/current_snapshot/hajeen_model/hybrid_models/tests/test_attention.py'.
Hint: make sure your test modules/packages have valid Python names.
Traceback:
/usr/lib/python3.12/importlib/__init__.py:90: in import_module
    return _bootstrap._gcd_import(name[level:], package, level)
           ^^^^^^^^^^^^^^^^^^^^^^^^^^^^^^^^^^^^^^^^^^^^^^^^^^^^
hajeen_recovery/phase0_20260817T181605Z/current_snapshot/hajeen_model/hybrid_models/__init__.py:23: in <module>
    from hajeen_model.config.hajeen_config import HajeenConfig
E   ModuleNotFoundError: No module named 'hajeen_model.config'
_ ERROR collecting hajeen_recovery/phase0_20260817T181605Z/current_snapshot/hajeen_model/hybrid_models/tests/test_checkpoint.py _
ImportError while importing test module '/home/ubuntu/hajeen_recovery/phase0_20260817T181605Z/current_snapshot/hajeen_model/hybrid_models/tests/test_checkpoint.py'.
Hint: make sure your test modules/packages have valid Python names.
Traceback:
/usr/lib/python3.12/importlib/__init__.py:90: in import_module
    return _bootstrap._gcd_import(name[level:], package, level)
           ^^^^^^^^^^^^^^^^^^^^^^^^^^^^^^^^^^^^^^^^^^^^^^^^^^^^
hajeen_recovery/phase0_20260817T181605Z/current_snapshot/hajeen_model/hybrid_models/__init__.py:23: in <module>
    from hajeen_model.config.hajeen_config import HajeenConfig
E   ModuleNotFoundError: No module named 'hajeen_model.config'
_ ERROR collecting hajeen_recovery/phase0_20260817T181605Z/current_snapshot/hajeen_model/hybrid_models/tests/test_config.py _
ImportError while importing test module '/home/ubuntu/hajeen_recovery/phase0_20260817T181605Z/current_snapshot/hajeen_model/hybrid_models/tests/test_config.py'.
Hint: make sure your test modules/packages have valid Python names.
Traceback:
/usr/lib/python3.12/importlib/__init__.py:90: in import_module
    return _bootstrap._gcd_import(name[level:], package, level)
           ^^^^^^^^^^^^^^^^^^^^^^^^^^^^^^^^^^^^^^^^^^^^^^^^^^^^
hajeen_recovery/phase0_20260817T181605Z/current_snapshot/hajeen_model/hybrid_models/__init__.py:23: in <module>
    from hajeen_model.config.hajeen_config import HajeenConfig
E   ModuleNotFoundError: No module named 'hajeen_model.config'
_ ERROR collecting hajeen_recovery/phase0_20260817T181605Z/current_snapshot/hajeen_model/hybrid_models/tests/test_datasets.py _
ImportError while importing test module '/home/ubuntu/hajeen_recovery/phase0_20260817T181605Z/current_snapshot/hajeen_model/hybrid_models/tests/test_datasets.py'.
Hint: make sure your test modules/packages have valid Python names.
Traceback:
/usr/lib/python3.12/importlib/__init__.py:90: in import_module
    return _bootstrap._gcd_import(name[level:], package, level)
           ^^^^^^^^^^^^^^^^^^^^^^^^^^^^^^^^^^^^^^^^^^^^^^^^^^^^
hajeen_recovery/phase0_20260817T181605Z/current_snapshot/hajeen_model/hybrid_models/__init__.py:23: in <module>
    from hajeen_model.config.hajeen_config import HajeenConfig
E   ModuleNotFoundError: No module named 'hajeen_model.config'
_ ERROR collecting hajeen_recovery/phase0_20260817T181605Z/current_snapshot/hajeen_model/hybrid_models/tests/test_fine_tuning.py _
ImportError while importing test module '/home/ubuntu/hajeen_recovery/phase0_20260817T181605Z/current_snapshot/hajeen_model/hybrid_models/tests/test_fine_tuning.py'.
Hint: make sure your test modules/packages have valid Python names.
Traceback:
/usr/lib/python3.12/importlib/__init__.py:90: in import_module
    return _bootstrap._gcd_import(name[level:], package, level)
           ^^^^^^^^^^^^^^^^^^^^^^^^^^^^^^^^^^^^^^^^^^^^^^^^^^^^
hajeen_recovery/phase0_20260817T181605Z/current_snapshot/hajeen_model/hybrid_models/__init__.py:23: in <module>
    from hajeen_model.config.hajeen_config import HajeenConfig
E   ModuleNotFoundError: No module named 'hajeen_model.config'
_ ERROR collecting hajeen_recovery/phase0_20260817T181605Z/current_snapshot/hajeen_model/hybrid_models/tests/test_inference.py _
ImportError while importing test module '/home/ubuntu/hajeen_recovery/phase0_20260817T181605Z/current_snapshot/hajeen_model/hybrid_models/tests/test_inference.py'.
Hint: make sure your test modules/packages have valid Python names.
Traceback:
/usr/lib/python3.12/importlib/__init__.py:90: in import_module
    return _bootstrap._gcd_import(name[level:], package, level)
           ^^^^^^^^^^^^^^^^^^^^^^^^^^^^^^^^^^^^^^^^^^^^^^^^^^^^
hajeen_recovery/phase0_20260817T181605Z/current_snapshot/hajeen_model/hybrid_models/__init__.py:23: in <module>
    from hajeen_model.config.hajeen_config import HajeenConfig
E   ModuleNotFoundError: No module named 'hajeen_model.config'
_ ERROR collecting hajeen_recovery/phase0_20260817T181605Z/current_snapshot/hajeen_model/hybrid_models/tests/test_layers.py _
ImportError while importing test module '/home/ubuntu/hajeen_recovery/phase0_20260817T181605Z/current_snapshot/hajeen_model/hybrid_models/tests/test_layers.py'.
Hint: make sure your test modules/packages have valid Python names.
Traceback:
/usr/lib/python3.12/importlib/__init__.py:90: in import_module
    return _bootstrap._gcd_import(name[level:], package, level)
           ^^^^^^^^^^^^^^^^^^^^^^^^^^^^^^^^^^^^^^^^^^^^^^^^^^^^
hajeen_recovery/phase0_20260817T181605Z/current_snapshot/hajeen_model/hybrid_models/__init__.py:23: in <module>
    from hajeen_model.config.hajeen_config import HajeenConfig
E   ModuleNotFoundError: No module named 'hajeen_model.config'
_ ERROR collecting hajeen_recovery/phase0_20260817T181605Z/current_snapshot/hajeen_model/hybrid_models/tests/test_model.py _
ImportError while importing test module '/home/ubuntu/hajeen_recovery/phase0_20260817T181605Z/current_snapshot/hajeen_model/hybrid_models/tests/test_model.py'.
Hint: make sure your test modules/packages have valid Python names.
Traceback:
/usr/lib/python3.12/importlib/__init__.py:90: in import_module
    return _bootstrap._gcd_import(name[level:], package, level)
           ^^^^^^^^^^^^^^^^^^^^^^^^^^^^^^^^^^^^^^^^^^^^^^^^^^^^
hajeen_recovery/phase0_20260817T181605Z/current_snapshot/hajeen_model/hybrid_models/__init__.py:23: in <module>
    from hajeen_model.config.hajeen_config import HajeenConfig
E   ModuleNotFoundError: No module named 'hajeen_model.config'
_ ERROR collecting hajeen_recovery/phase0_20260817T181605Z/current_snapshot/hajeen_model/hybrid_models/tests/test_quantization.py _
ImportError while importing test module '/home/ubuntu/hajeen_recovery/phase0_20260817T181605Z/current_snapshot/hajeen_model/hybrid_models/tests/test_quantization.py'.
Hint: make sure your test modules/packages have valid Python names.
Traceback:
/usr/lib/python3.12/importlib/__init__.py:90: in import_module
    return _bootstrap._gcd_import(name[level:], package, level)
           ^^^^^^^^^^^^^^^^^^^^^^^^^^^^^^^^^^^^^^^^^^^^^^^^^^^^
hajeen_recovery/phase0_20260817T181605Z/current_snapshot/hajeen_model/hybrid_models/__init__.py:23: in <module>
    from hajeen_model.config.hajeen_config import HajeenConfig
E   ModuleNotFoundError: No module named 'hajeen_model.config'
_ ERROR collecting hajeen_recovery/phase0_20260817T181605Z/current_snapshot/hajeen_model/hybrid_models/tests/test_tokenizer.py _
ImportError while importing test module '/home/ubuntu/hajeen_recovery/phase0_20260817T181605Z/current_snapshot/hajeen_model/hybrid_models/tests/test_tokenizer.py'.
Hint: make sure your test modules/packages have valid Python names.
Traceback:
/usr/lib/python3.12/importlib/__init__.py:90: in import_module
    return _bootstrap._gcd_import(name[level:], package, level)
           ^^^^^^^^^^^^^^^^^^^^^^^^^^^^^^^^^^^^^^^^^^^^^^^^^^^^
hajeen_recovery/phase0_20260817T181605Z/current_snapshot/hajeen_model/hybrid_models/__init__.py:23: in <module>
    from hajeen_model.config.hajeen_config import HajeenConfig
E   ModuleNotFoundError: No module named 'hajeen_model.config'
_ ERROR collecting hajeen_recovery/phase0_20260817T181605Z/current_snapshot/hajeen_model/tests/test_phase_4_5.py _
ImportError while importing test module '/home/ubuntu/hajeen_recovery/phase0_20260817T181605Z/current_snapshot/hajeen_model/tests/test_phase_4_5.py'.
Hint: make sure your test modules/packages have valid Python names.
Traceback:
/usr/lib/python3.12/importlib/__init__.py:90: in import_module
    return _bootstrap._gcd_import(name[level:], package, level)
           ^^^^^^^^^^^^^^^^^^^^^^^^^^^^^^^^^^^^^^^^^^^^^^^^^^^^
hajeen_recovery/phase0_20260817T181605Z/current_snapshot/hajeen_model/tests/test_phase_4_5.py:12: in <module>
    from hajeen_model.datasets.dataset_loader import DatasetLoader
E   ModuleNotFoundError: No module named 'hajeen_model.datasets'
_ ERROR collecting hajeen_recovery/phase0_20260817T181605Z/current_snapshot/tests/ai/test_alignment.py _
ImportError while importing test module '/home/ubuntu/hajeen_recovery/phase0_20260817T181605Z/current_snapshot/tests/ai/test_alignment.py'.
Hint: make sure your test modules/packages have valid Python names.
Traceback:
/usr/lib/python3.12/importlib/__init__.py:90: in import_module
    return _bootstrap._gcd_import(name[level:], package, level)
           ^^^^^^^^^^^^^^^^^^^^^^^^^^^^^^^^^^^^^^^^^^^^^^^^^^^^
hajeen_recovery/phase0_20260817T181605Z/current_snapshot/tests/ai/test_alignment.py:5: in <module>
    from hajeen_platform.core.alignment.reward_model import RewardModelPipeline
backend_Ai_review/hajeen_platform/core/alignment/reward_model.py:5: in <module>
    import torch
E   ModuleNotFoundError: No module named 'torch'
_ ERROR collecting hajeen_recovery/phase0_20260817T181605Z/current_snapshot/tests/distributed_messaging/test_celery.py _
ImportError while importing test module '/home/ubuntu/hajeen_recovery/phase0_20260817T181605Z/current_snapshot/tests/distributed_messaging/test_celery.py'.
Hint: make sure your test modules/packages have valid Python names.
Traceback:
/usr/lib/python3.12/importlib/__init__.py:90: in import_module
    return _bootstrap._gcd_import(name[level:], package, level)
           ^^^^^^^^^^^^^^^^^^^^^^^^^^^^^^^^^^^^^^^^^^^^^^^^^^^^
hajeen_recovery/phase0_20260817T181605Z/current_snapshot/tests/distributed_messaging/test_celery.py:3: in <module>
    from hajeen_platform.services.distributed_messaging.celery_config import celery_app, process_data
backend_Ai_review/hajeen_platform/services/distributed_messaging/celery_config.py:1: in <module>
    from celery import Celery
E   ModuleNotFoundError: No module named 'celery'
_ ERROR collecting hajeen_recovery/phase0_20260817T181605Z/current_snapshot/tests/distributed_messaging/test_kafka.py _
import file mismatch:
imported module 'test_kafka' has this __file__ attribute:
  /home/ubuntu/backend_Ai_review/hajeen_platform/tests/distributed_messaging/test_kafka.py
which is not the same as the test file we want to collect:
  /home/ubuntu/hajeen_recovery/phase0_20260817T181605Z/current_snapshot/tests/distributed_messaging/test_kafka.py
HINT: remove __pycache__ / .pyc files and/or use a unique basename for your test file modules
_ ERROR collecting hajeen_recovery/phase0_20260817T181605Z/current_snapshot/tests/distributed_messaging/test_redis_streams.py _
ImportError while importing test module '/home/ubuntu/hajeen_recovery/phase0_20260817T181605Z/current_snapshot/tests/distributed_messaging/test_redis_streams.py'.
Hint: make sure your test modules/packages have valid Python names.
Traceback:
/usr/lib/python3.12/importlib/__init__.py:90: in import_module
    return _bootstrap._gcd_import(name[level:], package, level)
           ^^^^^^^^^^^^^^^^^^^^^^^^^^^^^^^^^^^^^^^^^^^^^^^^^^^^
hajeen_recovery/phase0_20260817T181605Z/current_snapshot/tests/distributed_messaging/test_redis_streams.py:4: in <module>
    from hajeen_platform.services.distributed_messaging.redis_streams_integration import RedisStreamsClient
backend_Ai_review/hajeen_platform/services/distributed_messaging/redis_streams_integration.py:1: in <module>
    import redis
E   ModuleNotFoundError: No module named 'redis'
_ ERROR collecting hajeen_recovery/phase0_20260817T181605Z/current_snapshot/tests/integration_test.py _
ImportError while importing test module '/home/ubuntu/hajeen_recovery/phase0_20260817T181605Z/current_snapshot/tests/integration_test.py'.
Hint: make sure your test modules/packages have valid Python names.
Traceback:
/usr/lib/python3.12/importlib/__init__.py:90: in import_module
    return _bootstrap._gcd_import(name[level:], package, level)
           ^^^^^^^^^^^^^^^^^^^^^^^^^^^^^^^^^^^^^^^^^^^^^^^^^^^^
hajeen_recovery/phase0_20260817T181605Z/current_snapshot/tests/integration_test.py:9: in <module>
    from hajeen_model.datasets.dataset_manager import DatasetManager
E   ModuleNotFoundError: No module named 'hajeen_model.datasets'
_ ERROR collecting hajeen_recovery/phase0_20260817T181605Z/current_snapshot/tests/self_evolution/test_continuous_learning_loop.py _
ImportError while importing test module '/home/ubuntu/hajeen_recovery/phase0_20260817T181605Z/current_snapshot/tests/self_evolution/test_continuous_learning_loop.py'.
Hint: make sure your test modules/packages have valid Python names.
Traceback:
/usr/lib/python3.12/importlib/__init__.py:90: in import_module
    return _bootstrap._gcd_import(name[level:], package, level)
           ^^^^^^^^^^^^^^^^^^^^^^^^^^^^^^^^^^^^^^^^^^^^^^^^^^^^
hajeen_recovery/phase0_20260817T181605Z/current_snapshot/tests/self_evolution/test_continuous_learning_loop.py:4: in <module>
    from hajeen_platform.services.self_evolution.continuous_learning_loop import ContinuousLearningLoop
E   ModuleNotFoundError: No module named 'hajeen_platform.services.self_evolution'
_ ERROR collecting hajeen_recovery/phase0_20260817T181605Z/current_snapshot/tests/self_evolution/test_curiosity_engine.py _
ImportError while importing test module '/home/ubuntu/hajeen_recovery/phase0_20260817T181605Z/current_snapshot/tests/self_evolution/test_curiosity_engine.py'.
Hint: make sure your test modules/packages have valid Python names.
Traceback:
/usr/lib/python3.12/importlib/__init__.py:90: in import_module
    return _bootstrap._gcd_import(name[level:], package, level)
           ^^^^^^^^^^^^^^^^^^^^^^^^^^^^^^^^^^^^^^^^^^^^^^^^^^^^
hajeen_recovery/phase0_20260817T181605Z/current_snapshot/tests/self_evolution/test_curiosity_engine.py:4: in <module>
    from hajeen_platform.services.self_evolution.curiosity_engine import CuriosityEngine
E   ModuleNotFoundError: No module named 'hajeen_platform.services.self_evolution'
_ ERROR collecting hajeen_recovery/phase0_20260817T181605Z/current_snapshot/tests/self_evolution/test_episodic_memory.py _
ImportError while importing test module '/home/ubuntu/hajeen_recovery/phase0_20260817T181605Z/current_snapshot/tests/self_evolution/test_episodic_memory.py'.
Hint: make sure your test modules/packages have valid Python names.
Traceback:
/usr/lib/python3.12/importlib/__init__.py:90: in import_module
    return _bootstrap._gcd_import(name[level:], package, level)
           ^^^^^^^^^^^^^^^^^^^^^^^^^^^^^^^^^^^^^^^^^^^^^^^^^^^^
hajeen_recovery/phase0_20260817T181605Z/current_snapshot/tests/self_evolution/test_episodic_memory.py:5: in <module>
    from hajeen_platform.services.self_evolution.episodic_memory import EpisodicMemory
E   ModuleNotFoundError: No module named 'hajeen_platform.services.self_evolution'
_ ERROR collecting hajeen_recovery/phase0_20260817T181605Z/current_snapshot/tests/self_evolution/test_self_reflection_engine.py _
ImportError while importing test module '/home/ubuntu/hajeen_recovery/phase0_20260817T181605Z/current_snapshot/tests/self_evolution/test_self_reflection_engine.py'.
Hint: make sure your test modules/packages have valid Python names.
Traceback:
/usr/lib/python3.12/importlib/__init__.py:90: in import_module
    return _bootstrap._gcd_import(name[level:], package, level)
           ^^^^^^^^^^^^^^^^^^^^^^^^^^^^^^^^^^^^^^^^^^^^^^^^^^^^
hajeen_recovery/phase0_20260817T181605Z/current_snapshot/tests/self_evolution/test_self_reflection_engine.py:4: in <module>
    from hajeen_platform.services.self_evolution.self_reflection_engine import SelfReflectionEngine, MockLLM
E   ModuleNotFoundError: No module named 'hajeen_platform.services.self_evolution'
_ ERROR collecting hajeen_recovery/phase0_20260817T181605Z/current_snapshot/tests/test_dataset_manager.py _
ImportError while importing test module '/home/ubuntu/hajeen_recovery/phase0_20260817T181605Z/current_snapshot/tests/test_dataset_manager.py'.
Hint: make sure your test modules/packages have valid Python names.
Traceback:
/usr/lib/python3.12/importlib/__init__.py:90: in import_module
    return _bootstrap._gcd_import(name[level:], package, level)
           ^^^^^^^^^^^^^^^^^^^^^^^^^^^^^^^^^^^^^^^^^^^^^^^^^^^^
hajeen_recovery/phase0_20260817T181605Z/current_snapshot/tests/test_dataset_manager.py:10: in <module>
    from hajeen_model.datasets.dataset_manager import DatasetManager
E   ModuleNotFoundError: No module named 'hajeen_model.datasets'
_ ERROR collecting hajeen_recovery/phase0_20260817T181605Z/current_snapshot/tests/test_phase7.py _
ImportError while importing test module '/home/ubuntu/hajeen_recovery/phase0_20260817T181605Z/current_snapshot/tests/test_phase7.py'.
Hint: make sure your test modules/packages have valid Python names.
Traceback:
/usr/lib/python3.12/importlib/__init__.py:90: in import_module
    return _bootstrap._gcd_import(name[level:], package, level)
           ^^^^^^^^^^^^^^^^^^^^^^^^^^^^^^^^^^^^^^^^^^^^^^^^^^^^
hajeen_recovery/phase0_20260817T181605Z/current_snapshot/tests/test_phase7.py:386: in <module>
    _ENGINE = run(_build_search_engine(_CHUNKS))
              ^^^^^^^^^^^^^^^^^^^^^^^^^^^^^^^^^^
hajeen_recovery/phase0_20260817T181605Z/current_snapshot/tests/test_phase7.py:49: in run
    return asyncio.run(coro)
           ^^^^^^^^^^^^^^^^^
/usr/lib/python3.12/asyncio/runners.py:194: in run
    return runner.run(main)
           ^^^^^^^^^^^^^^^^
/usr/lib/python3.12/asyncio/runners.py:118: in run
    return self._loop.run_until_complete(task)
           ^^^^^^^^^^^^^^^^^^^^^^^^^^^^^^^^^^^
/usr/lib/python3.12/asyncio/base_events.py:687: in run_until_complete
    return future.result()
           ^^^^^^^^^^^^^^^
hajeen_recovery/phase0_20260817T181605Z/current_snapshot/tests/test_phase7.py:116: in _build_search_engine
    emb_results = await manager.embed_batch(texts)
                  ^^^^^^^^^^^^^^^^^^^^^^^^^^^^^^^^
backend_Ai_review/hajeen_platform/core/embeddings/embedding_manager.py:72: in embed_batch
    return await model.embed_batch(texts, chunk_ids=chunk_ids, article_id=article_id)
           ^^^^^^^^^^^^^^^^^^^^^^^^^^^^^^^^^^^^^^^^^^^^^^^^^^^^^^^^^^^^^^^^^^^^^^^^^^
backend_Ai_review/hajeen_platform/core/embeddings/base.py:114: in embed_batch
    self.ensure_loaded()
backend_Ai_review/hajeen_platform/core/embeddings/base.py:77: in ensure_loaded
    self.load()
backend_Ai_review/hajeen_platform/core/embeddings/sentence_transformer.py:24: in load
    from sentence_transformers import SentenceTransformer
E   ModuleNotFoundError: No module named 'sentence_transformers'
------------------------------- Captured stdout --------------------------------

════════════════════════════════════════════════════════════
  Phase 7 — Vector Search + RAG Foundation Tests
════════════════════════════════════════════════════════════

[7.1 Embedding Models Layer]
  ✓ 7.1.1 EmbeddingConfig defaults
  ✗ FAIL: No module named 'sentence_transformers'
  ✗ FAIL: No module named 'sentence_transformers'
  ✓ 7.1.4 EmbeddingRegistry.list_models()
  ✗ FAIL: assert 'error' == 'ok'
  ✗ FAIL: No module named 'sentence_transformers'


[7.2 Chunk Embedding Pipeline]
  ✗ FAIL: assert None is not None
  ✗ FAIL: assert 0 == 10
 +  where 0 = EmbedStageResult(article_id='article_batch', total_chunks=10, embedded=0, failed=10, records=[], total_ms=6012.3987449...لات: No module named 'sentence_transformers'", "فشل embedding بعد 3 محاولات: No module named 'sentence_transformers'"]).embedded
  ✗ FAIL: list index out of range


[7.3 Vector Storage Layer — FAISS]
  ✗ FAIL: No module named 'faiss'
  ✗ FAIL: No module named 'faiss'
  ✗ FAIL: No module named 'faiss'
  ✗ FAIL: No module named 'data_engine.storage.vector_store.sqlite_vector_index'
  ✗ FAIL: No module named 'faiss'


[7.4 Semantic Search Engine]
------------------------------- Captured stderr --------------------------------
Traceback (most recent call last):
  File "/home/ubuntu/hajeen_recovery/phase0_20260817T181605Z/current_snapshot/tests/test_phase7.py", line 37, in wrapper
    fn()
  File "/home/ubuntu/hajeen_recovery/phase0_20260817T181605Z/current_snapshot/tests/test_phase7.py", line 165, in test_st_embed
    result = run(model.embed("اختبار النموذج الحقيقي"))
             ^^^^^^^^^^^^^^^^^^^^^^^^^^^^^^^^^^^^^^^^^^
  File "/home/ubuntu/hajeen_recovery/phase0_20260817T181605Z/current_snapshot/tests/test_phase7.py", line 49, in run
    return asyncio.run(coro)
           ^^^^^^^^^^^^^^^^^
  File "/usr/lib/python3.12/asyncio/runners.py", line 194, in run
    return runner.run(main)
           ^^^^^^^^^^^^^^^^
  File "/usr/lib/python3.12/asyncio/runners.py", line 118, in run
    return self._loop.run_until_complete(task)
           ^^^^^^^^^^^^^^^^^^^^^^^^^^^^^^^^^^^
  File "/usr/lib/python3.12/asyncio/base_events.py", line 687, in run_until_complete
    return future.result()
           ^^^^^^^^^^^^^^^
  File "/home/ubuntu/backend_Ai_review/hajeen_platform/core/embeddings/base.py", line 88, in embed
    self.ensure_loaded()
  File "/home/ubuntu/backend_Ai_review/hajeen_platform/core/embeddings/base.py", line 77, in ensure_loaded
    self.load()
  File "/home/ubuntu/backend_Ai_review/hajeen_platform/core/embeddings/sentence_transformer.py", line 24, in load
    from sentence_transformers import SentenceTransformer
ModuleNotFoundError: No module named 'sentence_transformers'
Traceback (most recent call last):
  File "/home/ubuntu/hajeen_recovery/phase0_20260817T181605Z/current_snapshot/tests/test_phase7.py", line 37, in wrapper
    fn()
  File "/home/ubuntu/hajeen_recovery/phase0_20260817T181605Z/current_snapshot/tests/test_phase7.py", line 177, in test_st_batch
    results = run(model.embed_batch(texts))
              ^^^^^^^^^^^^^^^^^^^^^^^^^^^^^
  File "/home/ubuntu/hajeen_recovery/phase0_20260817T181605Z/current_snapshot/tests/test_phase7.py", line 49, in run
    return asyncio.run(coro)
           ^^^^^^^^^^^^^^^^^
  File "/usr/lib/python3.12/asyncio/runners.py", line 194, in run
    return runner.run(main)
           ^^^^^^^^^^^^^^^^
  File "/usr/lib/python3.12/asyncio/runners.py", line 118, in run
    return self._loop.run_until_complete(task)
           ^^^^^^^^^^^^^^^^^^^^^^^^^^^^^^^^^^^
  File "/usr/lib/python3.12/asyncio/base_events.py", line 687, in run_until_complete
    return future.result()
           ^^^^^^^^^^^^^^^
  File "/home/ubuntu/backend_Ai_review/hajeen_platform/core/embeddings/base.py", line 114, in embed_batch
    self.ensure_loaded()
  File "/home/ubuntu/backend_Ai_review/hajeen_platform/core/embeddings/base.py", line 77, in ensure_loaded
    self.load()
  File "/home/ubuntu/backend_Ai_review/hajeen_platform/core/embeddings/sentence_transformer.py", line 24, in load
    from sentence_transformers import SentenceTransformer
ModuleNotFoundError: No module named 'sentence_transformers'
Traceback (most recent call last):
  File "/home/ubuntu/hajeen_recovery/phase0_20260817T181605Z/current_snapshot/tests/test_phase7.py", line 37, in wrapper
    fn()
  File "/home/ubuntu/hajeen_recovery/phase0_20260817T181605Z/current_snapshot/tests/test_phase7.py", line 200, in test_manager_health
    assert health["status"] == "ok"
AssertionError: assert 'error' == 'ok'
Traceback (most recent call last):
  File "/home/ubuntu/hajeen_recovery/phase0_20260817T181605Z/current_snapshot/tests/test_phase7.py", line 37, in wrapper
    fn()
  File "/home/ubuntu/hajeen_recovery/phase0_20260817T181605Z/current_snapshot/tests/test_phase7.py", line 212, in test_embed_100
    results = run(manager.embed_batch(texts))
              ^^^^^^^^^^^^^^^^^^^^^^^^^^^^^^^
  File "/home/ubuntu/hajeen_recovery/phase0_20260817T181605Z/current_snapshot/tests/test_phase7.py", line 49, in run
    return asyncio.run(coro)
           ^^^^^^^^^^^^^^^^^
  File "/usr/lib/python3.12/asyncio/runners.py", line 194, in run
    return runner.run(main)
           ^^^^^^^^^^^^^^^^
  File "/usr/lib/python3.12/asyncio/runners.py", line 118, in run
    return self._loop.run_until_complete(task)
           ^^^^^^^^^^^^^^^^^^^^^^^^^^^^^^^^^^^
  File "/usr/lib/python3.12/asyncio/base_events.py", line 687, in run_until_complete
    return future.result()
           ^^^^^^^^^^^^^^^
  File "/home/ubuntu/backend_Ai_review/hajeen_platform/core/embeddings/embedding_manager.py", line 72, in embed_batch
    return await model.embed_batch(texts, chunk_ids=chunk_ids, article_id=article_id)
           ^^^^^^^^^^^^^^^^^^^^^^^^^^^^^^^^^^^^^^^^^^^^^^^^^^^^^^^^^^^^^^^^^^^^^^^^^^
  File "/home/ubuntu/backend_Ai_review/hajeen_platform/core/embeddings/base.py", line 114, in embed_batch
    self.ensure_loaded()
  File "/home/ubuntu/backend_Ai_review/hajeen_platform/core/embeddings/base.py", line 77, in ensure_loaded
    self.load()
  File "/home/ubuntu/backend_Ai_review/hajeen_platform/core/embeddings/sentence_transformer.py", line 24, in load
    from sentence_transformers import SentenceTransformer
ModuleNotFoundError: No module named 'sentence_transformers'
Traceback (most recent call last):
  File "/home/ubuntu/hajeen_recovery/phase0_20260817T181605Z/current_snapshot/tests/test_phase7.py", line 37, in wrapper
    fn()
  File "/home/ubuntu/hajeen_recovery/phase0_20260817T181605Z/current_snapshot/tests/test_phase7.py", line 231, in test_embed_stage_single
    assert record is not None
AssertionError: assert None is not None
Traceback (most recent call last):
  File "/home/ubuntu/hajeen_recovery/phase0_20260817T181605Z/current_snapshot/tests/test_phase7.py", line 37, in wrapper
    fn()
  File "/home/ubuntu/hajeen_recovery/phase0_20260817T181605Z/current_snapshot/tests/test_phase7.py", line 243, in test_embed_stage_batch
    assert result.embedded == 10
AssertionError: assert 0 == 10
 +  where 0 = EmbedStageResult(article_id='article_batch', total_chunks=10, embedded=0, failed=10, records=[], total_ms=6012.3987449...لات: No module named 'sentence_transformers'", "فشل embedding بعد 3 محاولات: No module named 'sentence_transformers'"]).embedded
Traceback (most recent call last):
  File "/home/ubuntu/hajeen_recovery/phase0_20260817T181605Z/current_snapshot/tests/test_phase7.py", line 37, in wrapper
    fn()
  File "/home/ubuntu/hajeen_recovery/phase0_20260817T181605Z/current_snapshot/tests/test_phase7.py", line 256, in test_embed_record_fields
    record = result.records[0]
             ~~~~~~~~~~~~~~^^^
IndexError: list index out of range
Traceback (most recent call last):
  File "/home/ubuntu/hajeen_recovery/phase0_20260817T181605Z/current_snapshot/tests/test_phase7.py", line 37, in wrapper
    fn()
  File "/home/ubuntu/hajeen_recovery/phase0_20260817T181605Z/current_snapshot/tests/test_phase7.py", line 277, in test_faiss_add
    store = FAISSVectorStore(dimensions=64)
            ^^^^^^^^^^^^^^^^^^^^^^^^^^^^^^^
  File "/home/ubuntu/backend_Ai_review/hajeen_platform/data_engine/storage/vector_store/faiss_client.py", line 36, in __init__
    self._init_index()
  File "/home/ubuntu/backend_Ai_review/hajeen_platform/data_engine/storage/vector_store/faiss_client.py", line 39, in _init_index
    import faiss
ModuleNotFoundError: No module named 'faiss'
Traceback (most recent call last):
  File "/home/ubuntu/hajeen_recovery/phase0_20260817T181605Z/current_snapshot/tests/test_phase7.py", line 37, in wrapper
    fn()
  File "/home/ubuntu/hajeen_recovery/phase0_20260817T181605Z/current_snapshot/tests/test_phase7.py", line 300, in test_faiss_search
    store = FAISSVectorStore(dimensions=32)
            ^^^^^^^^^^^^^^^^^^^^^^^^^^^^^^^
  File "/home/ubuntu/backend_Ai_review/hajeen_platform/data_engine/storage/vector_store/faiss_client.py", line 36, in __init__
    self._init_index()
  File "/home/ubuntu/backend_Ai_review/hajeen_platform/data_engine/storage/vector_store/faiss_client.py", line 39, in _init_index
    import faiss
ModuleNotFoundError: No module named 'faiss'
Traceback (most recent call last):
  File "/home/ubuntu/hajeen_recovery/phase0_20260817T181605Z/current_snapshot/tests/test_phase7.py", line 37, in wrapper
    fn()
  File "/home/ubuntu/hajeen_recovery/phase0_20260817T181605Z/current_snapshot/tests/test_phase7.py", line 322, in test_faiss_save_load
    store = FAISSVectorStore(dimensions=16)
            ^^^^^^^^^^^^^^^^^^^^^^^^^^^^^^^
  File "/home/ubuntu/backend_Ai_review/hajeen_platform/data_engine/storage/vector_store/faiss_client.py", line 36, in __init__
    self._init_index()
  File "/home/ubuntu/backend_Ai_review/hajeen_platform/data_engine/storage/vector_store/faiss_client.py", line 39, in _init_index
    import faiss
ModuleNotFoundError: No module named 'faiss'
Traceback (most recent call last):
  File "/home/ubuntu/hajeen_recovery/phase0_20260817T181605Z/current_snapshot/tests/test_phase7.py", line 37, in wrapper
    fn()
  File "/home/ubuntu/hajeen_recovery/phase0_20260817T181605Z/current_snapshot/tests/test_phase7.py", line 343, in test_sqlite_vector
    from data_engine.storage.vector_store.sqlite_vector_index import SQLiteVectorIndex
ModuleNotFoundError: No module named 'data_engine.storage.vector_store.sqlite_vector_index'
Traceback (most recent call last):
  File "/home/ubuntu/hajeen_recovery/phase0_20260817T181605Z/current_snapshot/tests/test_phase7.py", line 37, in wrapper
    fn()
  File "/home/ubuntu/hajeen_recovery/phase0_20260817T181605Z/current_snapshot/tests/test_phase7.py", line 366, in test_faiss_filter
    store = FAISSVectorStore(dimensions=16)
            ^^^^^^^^^^^^^^^^^^^^^^^^^^^^^^^
  File "/home/ubuntu/backend_Ai_review/hajeen_platform/data_engine/storage/vector_store/faiss_client.py", line 36, in __init__
    self._init_index()
  File "/home/ubuntu/backend_Ai_review/hajeen_platform/data_engine/storage/vector_store/faiss_client.py", line 39, in _init_index
    import faiss
ModuleNotFoundError: No module named 'faiss'
_ ERROR collecting hajeen_recovery/phase0_20260817T181605Z/current_snapshot/tests/test_preparation_pipeline.py _
ImportError while importing test module '/home/ubuntu/hajeen_recovery/phase0_20260817T181605Z/current_snapshot/tests/test_preparation_pipeline.py'.
Hint: make sure your test modules/packages have valid Python names.
Traceback:
/usr/lib/python3.12/importlib/__init__.py:90: in import_module
    return _bootstrap._gcd_import(name[level:], package, level)
           ^^^^^^^^^^^^^^^^^^^^^^^^^^^^^^^^^^^^^^^^^^^^^^^^^^^^
hajeen_recovery/phase0_20260817T181605Z/current_snapshot/tests/test_preparation_pipeline.py:8: in <module>
    from data_engine.preparation.data_preparation_pipeline import DataPreparationPipeline
backend_Ai_review/hajeen_platform/data_engine/preparation/data_preparation_pipeline.py:4: in <module>
    from .deduplicator import Deduplicator
backend_Ai_review/hajeen_platform/data_engine/preparation/deduplicator.py:3: in <module>
    from datasketch import MinHash, MinHashLSH
E   ModuleNotFoundError: No module named 'datasketch'
_ ERROR collecting hajeen_recovery/phase0_20260817T181605Z/current_snapshot/tests/test_worker.py _
ImportError while importing test module '/home/ubuntu/hajeen_recovery/phase0_20260817T181605Z/current_snapshot/tests/test_worker.py'.
Hint: make sure your test modules/packages have valid Python names.
Traceback:
/usr/lib/python3.12/importlib/__init__.py:90: in import_module
    return _bootstrap._gcd_import(name[level:], package, level)
           ^^^^^^^^^^^^^^^^^^^^^^^^^^^^^^^^^^^^^^^^^^^^^^^^^^^^
hajeen_recovery/phase0_20260817T181605Z/current_snapshot/tests/test_worker.py:2: in <module>
    from workers.tasks.test_task import add, ping_worker
backend_Ai_review/hajeen_platform/workers/tasks/__init__.py:2: in <module>
    from .ingestion_tasks import (
backend_Ai_review/hajeen_platform/workers/tasks/ingestion_tasks.py:17: in <module>
    from celery import shared_task
E   ModuleNotFoundError: No module named 'celery'
_ ERROR collecting hajeen_recovery/phase0_20260817T181605Z/current_snapshot/tests/unit/test_base_connector.py _
ImportError while importing test module '/home/ubuntu/hajeen_recovery/phase0_20260817T181605Z/current_snapshot/tests/unit/test_base_connector.py'.
Hint: make sure your test modules/packages have valid Python names.
Traceback:
/usr/lib/python3.12/importlib/__init__.py:90: in import_module
    return _bootstrap._gcd_import(name[level:], package, level)
           ^^^^^^^^^^^^^^^^^^^^^^^^^^^^^^^^^^^^^^^^^^^^^^^^^^^^
hajeen_recovery/phase0_20260817T181605Z/current_snapshot/tests/unit/test_base_connector.py:12: in <module>
    import respx
E   ModuleNotFoundError: No module named 'respx'
_ ERROR collecting hajeen_recovery/phase0_20260817T181605Z/current_snapshot/tests/unit/test_cli.py _
ImportError while importing test module '/home/ubuntu/hajeen_recovery/phase0_20260817T181605Z/current_snapshot/tests/unit/test_cli.py'.
Hint: make sure your test modules/packages have valid Python names.
Traceback:
/usr/lib/python3.12/importlib/__init__.py:90: in import_module
    return _bootstrap._gcd_import(name[level:], package, level)
           ^^^^^^^^^^^^^^^^^^^^^^^^^^^^^^^^^^^^^^^^^^^^^^^^^^^^
hajeen_recovery/phase0_20260817T181605Z/current_snapshot/tests/unit/test_cli.py:2: in <module>
    from typer.testing import CliRunner
E   ModuleNotFoundError: No module named 'typer'
_ ERROR collecting hajeen_recovery/phase0_20260817T181605Z/current_snapshot/tests/unit/test_custom_connector.py _
ImportError while importing test module '/home/ubuntu/hajeen_recovery/phase0_20260817T181605Z/current_snapshot/tests/unit/test_custom_connector.py'.
Hint: make sure your test modules/packages have valid Python names.
Traceback:
/usr/lib/python3.12/importlib/__init__.py:90: in import_module
    return _bootstrap._gcd_import(name[level:], package, level)
           ^^^^^^^^^^^^^^^^^^^^^^^^^^^^^^^^^^^^^^^^^^^^^^^^^^^^
hajeen_recovery/phase0_20260817T181605Z/current_snapshot/tests/unit/test_custom_connector.py:10: in <module>
    import respx
E   ModuleNotFoundError: No module named 'respx'
_ ERROR collecting hajeen_recovery/phase0_20260817T181605Z/current_snapshot/tests/unit/test_github_connector.py _
ImportError while importing test module '/home/ubuntu/hajeen_recovery/phase0_20260817T181605Z/current_snapshot/tests/unit/test_github_connector.py'.
Hint: make sure your test modules/packages have valid Python names.
Traceback:
/usr/lib/python3.12/importlib/__init__.py:90: in import_module
    return _bootstrap._gcd_import(name[level:], package, level)
           ^^^^^^^^^^^^^^^^^^^^^^^^^^^^^^^^^^^^^^^^^^^^^^^^^^^^
hajeen_recovery/phase0_20260817T181605Z/current_snapshot/tests/unit/test_github_connector.py:10: in <module>
    import respx
E   ModuleNotFoundError: No module named 'respx'
_ ERROR collecting hajeen_recovery/phase0_20260817T181605Z/current_snapshot/tests/unit/test_ingestion_http.py _
ImportError while importing test module '/home/ubuntu/hajeen_recovery/phase0_20260817T181605Z/current_snapshot/tests/unit/test_ingestion_http.py'.
Hint: make sure your test modules/packages have valid Python names.
Traceback:
/usr/lib/python3.12/importlib/__init__.py:90: in import_module
    return _bootstrap._gcd_import(name[level:], package, level)
           ^^^^^^^^^^^^^^^^^^^^^^^^^^^^^^^^^^^^^^^^^^^^^^^^^^^^
hajeen_recovery/phase0_20260817T181605Z/current_snapshot/tests/unit/test_ingestion_http.py:2: in <module>
    import respx
E   ModuleNotFoundError: No module named 'respx'
_ ERROR collecting hajeen_recovery/phase0_20260817T181605Z/current_snapshot/tests/unit/test_memory_unification_runtime.py _
ImportError while importing test module '/home/ubuntu/hajeen_recovery/phase0_20260817T181605Z/current_snapshot/tests/unit/test_memory_unification_runtime.py'.
Hint: make sure your test modules/packages have valid Python names.
Traceback:
/usr/lib/python3.12/importlib/__init__.py:90: in import_module
    return _bootstrap._gcd_import(name[level:], package, level)
           ^^^^^^^^^^^^^^^^^^^^^^^^^^^^^^^^^^^^^^^^^^^^^^^^^^^^
hajeen_recovery/phase0_20260817T181605Z/current_snapshot/tests/unit/test_memory_unification_runtime.py:11: in <module>
    from hajeen_platform.services.memory.session_manager import get_session_manager
backend_Ai_review/hajeen_platform/services/memory/__init__.py:2: in <module>
    from .conversation_memory import ConversationMemory, Message
E   ImportError: cannot import name 'Message' from 'hajeen_platform.services.memory.conversation_memory' (/home/ubuntu/backend_Ai_review/hajeen_platform/services/memory/conversation_memory.py)
_ ERROR collecting hajeen_recovery/phase0_20260817T181605Z/current_snapshot/tests/unit/test_newsapi_connector.py _
ImportError while importing test module '/home/ubuntu/hajeen_recovery/phase0_20260817T181605Z/current_snapshot/tests/unit/test_newsapi_connector.py'.
Hint: make sure your test modules/packages have valid Python names.
Traceback:
/usr/lib/python3.12/importlib/__init__.py:90: in import_module
    return _bootstrap._gcd_import(name[level:], package, level)
           ^^^^^^^^^^^^^^^^^^^^^^^^^^^^^^^^^^^^^^^^^^^^^^^^^^^^
hajeen_recovery/phase0_20260817T181605Z/current_snapshot/tests/unit/test_newsapi_connector.py:12: in <module>
    import respx
E   ModuleNotFoundError: No module named 'respx'
_ ERROR collecting hajeen_recovery/phase0_20260817T181605Z/current_snapshot/tests/unit/test_reddit_connector.py _
ImportError while importing test module '/home/ubuntu/hajeen_recovery/phase0_20260817T181605Z/current_snapshot/tests/unit/test_reddit_connector.py'.
Hint: make sure your test modules/packages have valid Python names.
Traceback:
/usr/lib/python3.12/importlib/__init__.py:90: in import_module
    return _bootstrap._gcd_import(name[level:], package, level)
           ^^^^^^^^^^^^^^^^^^^^^^^^^^^^^^^^^^^^^^^^^^^^^^^^^^^^
hajeen_recovery/phase0_20260817T181605Z/current_snapshot/tests/unit/test_reddit_connector.py:10: in <module>
    import respx
E   ModuleNotFoundError: No module named 'respx'
_ ERROR collecting hajeen_recovery/phase0_20260817T181605Z/current_snapshot/tests/unit/test_requests_fetcher.py _
ImportError while importing test module '/home/ubuntu/hajeen_recovery/phase0_20260817T181605Z/current_snapshot/tests/unit/test_requests_fetcher.py'.
Hint: make sure your test modules/packages have valid Python names.
Traceback:
/usr/lib/python3.12/importlib/__init__.py:90: in import_module
    return _bootstrap._gcd_import(name[level:], package, level)
           ^^^^^^^^^^^^^^^^^^^^^^^^^^^^^^^^^^^^^^^^^^^^^^^^^^^^
hajeen_recovery/phase0_20260817T181605Z/current_snapshot/tests/unit/test_requests_fetcher.py:6: in <module>
    import respx
E   ModuleNotFoundError: No module named 'respx'
_ ERROR collecting hajeen_recovery/phase0_20260817T181605Z/current_snapshot/tests/unit/test_rss_parser.py _
hajeen_recovery/phase0_20260817T181605Z/current_snapshot/tests/unit/test_rss_parser.py:24: in <module>
    SAMPLE_RSS = (FIXTURES_DIR / "sample_rss.xml").read_text(encoding="utf-8")
                 ^^^^^^^^^^^^^^^^^^^^^^^^^^^^^^^^^^^^^^^^^^^^^^^^^^^^^^^^^^^^^
/usr/lib/python3.12/pathlib.py:1029: in read_text
    with self.open(mode='r', encoding=encoding, errors=errors) as f:
         ^^^^^^^^^^^^^^^^^^^^^^^^^^^^^^^^^^^^^^^^^^^^^^^^^^^^^
/usr/lib/python3.12/pathlib.py:1015: in open
    return io.open(self, mode, buffering, encoding, errors, newline)
           ^^^^^^^^^^^^^^^^^^^^^^^^^^^^^^^^^^^^^^^^^^^^^^^^^^^^^^^^^
E   FileNotFoundError: [Errno 2] No such file or directory: '/home/ubuntu/hajeen_recovery/phase0_20260817T181605Z/current_snapshot/tests/fixtures/sample_rss.xml'
_ ERROR collecting hajeen_recovery/phase0_20260817T181605Z/current_snapshot/tests/unit/test_sitemap_parser.py _
hajeen_recovery/phase0_20260817T181605Z/current_snapshot/tests/unit/test_sitemap_parser.py:21: in <module>
    SITEMAP_XML = (FIXTURES_DIR / "sample_sitemap.xml").read_text(encoding="utf-8")
                  ^^^^^^^^^^^^^^^^^^^^^^^^^^^^^^^^^^^^^^^^^^^^^^^^^^^^^^^^^^^^^^^^^
/usr/lib/python3.12/pathlib.py:1029: in read_text
    with self.open(mode='r', encoding=encoding, errors=errors) as f:
         ^^^^^^^^^^^^^^^^^^^^^^^^^^^^^^^^^^^^^^^^^^^^^^^^^^^^^
/usr/lib/python3.12/pathlib.py:1015: in open
    return io.open(self, mode, buffering, encoding, errors, newline)
           ^^^^^^^^^^^^^^^^^^^^^^^^^^^^^^^^^^^^^^^^^^^^^^^^^^^^^^^^^
E   FileNotFoundError: [Errno 2] No such file or directory: '/home/ubuntu/hajeen_recovery/phase0_20260817T181605Z/current_snapshot/tests/fixtures/sample_sitemap.xml'
_ ERROR collecting hajeen_recovery/phase0_20260817T181605Z/current_snapshot/tests/unit/test_storage_phase3.py _
ImportError while importing test module '/home/ubuntu/hajeen_recovery/phase0_20260817T181605Z/current_snapshot/tests/unit/test_storage_phase3.py'.
Hint: make sure your test modules/packages have valid Python names.
Traceback:
/usr/lib/python3.12/importlib/__init__.py:90: in import_module
    return _bootstrap._gcd_import(name[level:], package, level)
           ^^^^^^^^^^^^^^^^^^^^^^^^^^^^^^^^^^^^^^^^^^^^^^^^^^^^
hajeen_recovery/phase0_20260817T181605Z/current_snapshot/tests/unit/test_storage_phase3.py:6: in <module>
    from hajeen_ai_platform.data_engine.storage.raw_store.local_storage import LocalRawStorage
E   ModuleNotFoundError: No module named 'hajeen_ai_platform'
_ ERROR collecting hajeen_recovery/phase0_20260817T181605Z/current_snapshot/tests/unit/test_storage_phase3_part2.py _
ImportError while importing test module '/home/ubuntu/hajeen_recovery/phase0_20260817T181605Z/current_snapshot/tests/unit/test_storage_phase3_part2.py'.
Hint: make sure your test modules/packages have valid Python names.
Traceback:
/usr/lib/python3.12/importlib/__init__.py:90: in import_module
    return _bootstrap._gcd_import(name[level:], package, level)
           ^^^^^^^^^^^^^^^^^^^^^^^^^^^^^^^^^^^^^^^^^^^^^^^^^^^^
hajeen_recovery/phase0_20260817T181605Z/current_snapshot/tests/unit/test_storage_phase3_part2.py:7: in <module>
    from hajeen_ai_platform.data_engine.storage.processed_store.bronze_layer import BronzeLayer, BronzeSchema
E   ModuleNotFoundError: No module named 'hajeen_ai_platform'
_ ERROR collecting hajeen_recovery/phase0_20260817T181605Z/current_snapshot/workers/tasks/test_task.py _
ImportError while importing test module '/home/ubuntu/hajeen_recovery/phase0_20260817T181605Z/current_snapshot/workers/tasks/test_task.py'.
Hint: make sure your test modules/packages have valid Python names.
Traceback:
/usr/lib/python3.12/importlib/__init__.py:90: in import_module
    return _bootstrap._gcd_import(name[level:], package, level)
           ^^^^^^^^^^^^^^^^^^^^^^^^^^^^^^^^^^^^^^^^^^^^^^^^^^^^
hajeen_recovery/phase0_20260817T181605Z/current_snapshot/workers/tasks/__init__.py:2: in <module>
    from .ingestion_tasks import (
hajeen_recovery/phase0_20260817T181605Z/current_snapshot/workers/tasks/ingestion_tasks.py:17: in <module>
    from celery import shared_task
E   ModuleNotFoundError: No module named 'celery'
=========================== short test summary info ============================
ERROR backend_Ai_review/hajeen_platform/brain/cognitive_layer/test_cognitive_components.py
ERROR backend_Ai_review/hajeen_platform/hajeen_model/hybrid_models/tests/test_attention.py
ERROR backend_Ai_review/hajeen_platform/hajeen_model/hybrid_models/tests/test_checkpoint.py
ERROR backend_Ai_review/hajeen_platform/hajeen_model/hybrid_models/tests/test_config.py
ERROR backend_Ai_review/hajeen_platform/hajeen_model/hybrid_models/tests/test_datasets.py
ERROR backend_Ai_review/hajeen_platform/hajeen_model/hybrid_models/tests/test_fine_tuning.py
ERROR backend_Ai_review/hajeen_platform/hajeen_model/hybrid_models/tests/test_inference.py
ERROR backend_Ai_review/hajeen_platform/hajeen_model/hybrid_models/tests/test_layers.py
ERROR backend_Ai_review/hajeen_platform/hajeen_model/hybrid_models/tests/test_model.py
ERROR backend_Ai_review/hajeen_platform/hajeen_model/hybrid_models/tests/test_quantization.py
ERROR backend_Ai_review/hajeen_platform/hajeen_model/hybrid_models/tests/test_tokenizer.py
ERROR backend_Ai_review/hajeen_platform/hajeen_model/tests/test_phase_4_5.py
ERROR backend_Ai_review/hajeen_platform/tests/ai/test_alignment.py
ERROR backend_Ai_review/hajeen_platform/tests/distributed_messaging/test_celery.py
ERROR backend_Ai_review/hajeen_platform/tests/distributed_messaging/test_redis_streams.py
ERROR backend_Ai_review/hajeen_platform/tests/integration_test.py
ERROR backend_Ai_review/hajeen_platform/tests/self_evolution/test_continuous_learning_loop.py
ERROR backend_Ai_review/hajeen_platform/tests/self_evolution/test_curiosity_engine.py
ERROR backend_Ai_review/hajeen_platform/tests/self_evolution/test_episodic_memory.py
ERROR backend_Ai_review/hajeen_platform/tests/self_evolution/test_self_reflection_engine.py
ERROR backend_Ai_review/hajeen_platform/tests/test_dataset_manager.py
ERROR backend_Ai_review/hajeen_platform/tests/test_phase7.py
ERROR backend_Ai_review/hajeen_platform/tests/test_preparation_pipeline.py
ERROR backend_Ai_review/hajeen_platform/tests/test_worker.py
ERROR backend_Ai_review/hajeen_platform/tests/unit/test_base_connector.py
ERROR backend_Ai_review/hajeen_platform/tests/unit/test_cli.py
ERROR backend_Ai_review/hajeen_platform/tests/unit/test_custom_connector.py
ERROR backend_Ai_review/hajeen_platform/tests/unit/test_github_connector.py
ERROR backend_Ai_review/hajeen_platform/tests/unit/test_ingestion_http.py
ERROR backend_Ai_review/hajeen_platform/tests/unit/test_memory_unification_runtime.py
ERROR backend_Ai_review/hajeen_platform/tests/unit/test_newsapi_connector.py
ERROR backend_Ai_review/hajeen_platform/tests/unit/test_reddit_connector.py
ERROR backend_Ai_review/hajeen_platform/tests/unit/test_requests_fetcher.py
ERROR backend_Ai_review/hajeen_platform/tests/unit/test_rss_parser.py - FileN...
ERROR backend_Ai_review/hajeen_platform/tests/unit/test_sitemap_parser.py - F...
ERROR backend_Ai_review/hajeen_platform/tests/unit/test_storage_phase3.py
ERROR backend_Ai_review/hajeen_platform/tests/unit/test_storage_phase3_part2.py
ERROR backend_Ai_review/hajeen_platform/workers/tasks/test_task.py
ERROR backend_Ai_review/source_candidates/raedthawaba_Ai/tree/hajeen_platform/brain/cognitive_layer/test_cognitive_components.py
ERROR backend_Ai_review/source_candidates/raedthawaba_Ai/tree/hajeen_platform/brain/evolution/test_self_evolution.py
ERROR backend_Ai_review/source_candidates/raedthawaba_Ai/tree/hajeen_platform/brain/reflection/test_self_reflection.py
ERROR backend_Ai_review/source_candidates/raedthawaba_Ai/tree/hajeen_platform/brain/tests/test_brain_components.py
ERROR backend_Ai_review/source_candidates/raedthawaba_Ai/tree/hajeen_platform/hajeen_model/hybrid_models/tests/test_attention.py
ERROR backend_Ai_review/source_candidates/raedthawaba_Ai/tree/hajeen_platform/hajeen_model/hybrid_models/tests/test_checkpoint.py
ERROR backend_Ai_review/source_candidates/raedthawaba_Ai/tree/hajeen_platform/hajeen_model/hybrid_models/tests/test_config.py
ERROR backend_Ai_review/source_candidates/raedthawaba_Ai/tree/hajeen_platform/hajeen_model/hybrid_models/tests/test_datasets.py
ERROR backend_Ai_review/source_candidates/raedthawaba_Ai/tree/hajeen_platform/hajeen_model/hybrid_models/tests/test_fine_tuning.py
ERROR backend_Ai_review/source_candidates/raedthawaba_Ai/tree/hajeen_platform/hajeen_model/hybrid_models/tests/test_inference.py
ERROR backend_Ai_review/source_candidates/raedthawaba_Ai/tree/hajeen_platform/hajeen_model/hybrid_models/tests/test_layers.py
ERROR backend_Ai_review/source_candidates/raedthawaba_Ai/tree/hajeen_platform/hajeen_model/hybrid_models/tests/test_model.py
ERROR backend_Ai_review/source_candidates/raedthawaba_Ai/tree/hajeen_platform/hajeen_model/hybrid_models/tests/test_quantization.py
ERROR backend_Ai_review/source_candidates/raedthawaba_Ai/tree/hajeen_platform/hajeen_model/hybrid_models/tests/test_tokenizer.py
ERROR backend_Ai_review/source_candidates/raedthawaba_Ai/tree/hajeen_platform/hajeen_model/tests/test_phase_4_5.py
ERROR backend_Ai_review/source_candidates/raedthawaba_Ai/tree/hajeen_platform/tests
ERROR backend_Ai_review/source_candidates/raedthawaba_Ai/tree/hajeen_platform/workers/tasks/test_task.py
ERROR hajeen_recovery/phase0_20260817T181605Z/current_snapshot/brain/cognitive_layer/test_cognitive_components.py
ERROR hajeen_recovery/phase0_20260817T181605Z/current_snapshot/hajeen_model/hybrid_models/tests/test_attention.py
ERROR hajeen_recovery/phase0_20260817T181605Z/current_snapshot/hajeen_model/hybrid_models/tests/test_checkpoint.py
ERROR hajeen_recovery/phase0_20260817T181605Z/current_snapshot/hajeen_model/hybrid_models/tests/test_config.py
ERROR hajeen_recovery/phase0_20260817T181605Z/current_snapshot/hajeen_model/hybrid_models/tests/test_datasets.py
ERROR hajeen_recovery/phase0_20260817T181605Z/current_snapshot/hajeen_model/hybrid_models/tests/test_fine_tuning.py
ERROR hajeen_recovery/phase0_20260817T181605Z/current_snapshot/hajeen_model/hybrid_models/tests/test_inference.py
ERROR hajeen_recovery/phase0_20260817T181605Z/current_snapshot/hajeen_model/hybrid_models/tests/test_layers.py
ERROR hajeen_recovery/phase0_20260817T181605Z/current_snapshot/hajeen_model/hybrid_models/tests/test_model.py
ERROR hajeen_recovery/phase0_20260817T181605Z/current_snapshot/hajeen_model/hybrid_models/tests/test_quantization.py
ERROR hajeen_recovery/phase0_20260817T181605Z/current_snapshot/hajeen_model/hybrid_models/tests/test_tokenizer.py
ERROR hajeen_recovery/phase0_20260817T181605Z/current_snapshot/hajeen_model/tests/test_phase_4_5.py
ERROR hajeen_recovery/phase0_20260817T181605Z/current_snapshot/tests/ai/test_alignment.py
ERROR hajeen_recovery/phase0_20260817T181605Z/current_snapshot/tests/distributed_messaging/test_celery.py
ERROR hajeen_recovery/phase0_20260817T181605Z/current_snapshot/tests/distributed_messaging/test_kafka.py
ERROR hajeen_recovery/phase0_20260817T181605Z/current_snapshot/tests/distributed_messaging/test_redis_streams.py
ERROR hajeen_recovery/phase0_20260817T181605Z/current_snapshot/tests/integration_test.py
ERROR hajeen_recovery/phase0_20260817T181605Z/current_snapshot/tests/self_evolution/test_continuous_learning_loop.py
ERROR hajeen_recovery/phase0_20260817T181605Z/current_snapshot/tests/self_evolution/test_curiosity_engine.py
ERROR hajeen_recovery/phase0_20260817T181605Z/current_snapshot/tests/self_evolution/test_episodic_memory.py
ERROR hajeen_recovery/phase0_20260817T181605Z/current_snapshot/tests/self_evolution/test_self_reflection_engine.py
ERROR hajeen_recovery/phase0_20260817T181605Z/current_snapshot/tests/test_dataset_manager.py
ERROR hajeen_recovery/phase0_20260817T181605Z/current_snapshot/tests/test_phase7.py
ERROR hajeen_recovery/phase0_20260817T181605Z/current_snapshot/tests/test_preparation_pipeline.py
ERROR hajeen_recovery/phase0_20260817T181605Z/current_snapshot/tests/test_worker.py
ERROR hajeen_recovery/phase0_20260817T181605Z/current_snapshot/tests/unit/test_base_connector.py
ERROR hajeen_recovery/phase0_20260817T181605Z/current_snapshot/tests/unit/test_cli.py
ERROR hajeen_recovery/phase0_20260817T181605Z/current_snapshot/tests/unit/test_custom_connector.py
ERROR hajeen_recovery/phase0_20260817T181605Z/current_snapshot/tests/unit/test_github_connector.py
ERROR hajeen_recovery/phase0_20260817T181605Z/current_snapshot/tests/unit/test_ingestion_http.py
ERROR hajeen_recovery/phase0_20260817T181605Z/current_snapshot/tests/unit/test_memory_unification_runtime.py
ERROR hajeen_recovery/phase0_20260817T181605Z/current_snapshot/tests/unit/test_newsapi_connector.py
ERROR hajeen_recovery/phase0_20260817T181605Z/current_snapshot/tests/unit/test_reddit_connector.py
ERROR hajeen_recovery/phase0_20260817T181605Z/current_snapshot/tests/unit/test_requests_fetcher.py
ERROR hajeen_recovery/phase0_20260817T181605Z/current_snapshot/tests/unit/test_rss_parser.py
ERROR hajeen_recovery/phase0_20260817T181605Z/current_snapshot/tests/unit/test_sitemap_parser.py
ERROR hajeen_recovery/phase0_20260817T181605Z/current_snapshot/tests/unit/test_storage_phase3.py
ERROR hajeen_recovery/phase0_20260817T181605Z/current_snapshot/tests/unit/test_storage_phase3_part2.py
ERROR hajeen_recovery/phase0_20260817T181605Z/current_snapshot/workers/tasks/test_task.py
!!!!!!!!!!!!!!!!!!! Interrupted: 94 errors during collection !!!!!!!!!!!!!!!!!!!
2 skipped, 8 warnings, 94 errors in 32.25s
Mon Aug 17 18:36:00 UTC 2026
               total        used        free      shared  buff/cache   available
Mem:           3.8Gi       889Mi       2.3Gi        11Mi       1.1Gi       3.0Gi
Swap:          2.0Gi          0B       2.0Gi
DURATION_SECONDS=34
RESULT=ERROR_COLLECTION exit=2
exit
